identifier,timestamp,RoleType
be0b3c59-fb6e-452e-a865-8102bad36d70,2019-02-09T21:33:31.608Z,IC
72f4a088-c553-494b-90e1-e988c9a8d721,2019-02-09T17:16:05.643Z,LEAD
fbb8d7b8-6a61-46a0-b2ec-4bf4d9cb5c56,2019-02-09T19:45:59.256Z,IC
8fa10a47-d732-4df3-a6f9-9d37f7bc8b87,2019-02-09T23:45:44.298Z,IC
52b71d2d-20c5-4697-a161-62096711ecca,2019-02-09T19:35:33.5097463Z,IC
b9ac70e2-06e8-4fdc-a36a-ef5c5f8c972a,2019-02-09T16:42:10.63Z,IC
fb3a56df-ac96-4ba9-8e34-380e85fd46cd,2019-02-09T18:20:49.795Z,IC
29617014-4664-492e-b38e-839fce6a5a11,2019-02-09T15:56:04.695Z,IC
6c754fda-36db-413c-9e9f-6804f0afad77,2019-02-09T18:30:12.611Z,IC
b0fdd8ca-335e-4196-a98f-07a2b8e8be09,2019-02-09T21:22:41.696Z,IC
bd1d2e1c-6fc7-40f7-a485-6dd2125e5e22,2019-02-09T19:08:19.79Z,IC
d953ed5a-25f8-4516-a0cd-798107351bb7,2019-02-09T19:52:59.045Z,IC
6912eb31-cd9b-4556-8bfc-01298a6dd786,2019-02-09T23:57:30.777Z,IC
7bb8833c-8a48-4a17-a6bb-e56ce5c07ee4,2019-02-09T21:38:19.103Z,IC
f613cef0-2a9a-4452-9f73-65e1f2859eec,2019-02-09T21:58:07.193Z,IC
9d925e32-1326-468b-944e-50690286e6c5,2019-02-09T20:38:09.226Z,IC
b9668361-1711-44a0-91ae-2c855070e587,2019-02-09T20:11:39.405Z,IC
8d2dc503-7a0a-4fb0-8010-e195f127a958,2019-02-09T08:39:23.094Z,0
6345bcb1-7b8c-4eda-90f7-c1bdf70180ad,2019-02-09T18:09:27.863Z,IC
6bca2677-f732-45e0-9643-ac09cda2f5d1,2019-02-09T17:29:33.325Z,0
bd1396e9-6bbe-4195-aa9e-cb44d026da9e,2019-02-09T23:40:11.299Z,IC
1075702f-d7bb-412d-bed9-b55e719719f8,2019-02-09T23:47:04.093Z,IC
02ed2325-1d7b-47b9-8a08-c739a14ea214,2019-02-09T23:50:52.046Z,0
bea31e8c-7838-4845-8190-68468540a6d9,2019-02-09T21:22:21.892Z,IC
34f6e7c0-a474-4928-b6e1-0ae22d45827e,2019-02-09T23:30:32.125Z,IC
fb2391ef-c335-4ea7-9f5f-f7dc5aed5e55,2019-02-09T18:57:22.765Z,IC
f2bebcb0-f574-464d-9031-8a943e796d62,2019-02-09T17:28:30.282Z,IC
278a095d-5a67-4a0c-91e4-a933d925b63b,2019-02-09T18:42:10.197Z,IC
95fcb98a-3234-453c-87b3-eda90bea33fd,2019-02-09T19:03:15.565Z,LEAD
176c3a3f-eb34-4916-80d7-258f532a9c18,2019-02-09T20:46:59.426Z,IC
fea5e932-92fc-4890-81c7-9bdec20bb855,2019-02-09T18:21:52.847Z,IC
7055c57c-a058-4592-858e-94da769cd17c,2019-02-09T15:42:51.116Z,IC
02ff895c-93c3-4b11-a95e-d8d2c063da90,2019-02-09T21:03:15.818Z,IC
3d038901-8450-4084-ab4a-b9f21a4f7368,2019-02-09T17:50:36.613Z,IC
d8330cc2-22ca-46e2-80a0-f43d1a3c0b76,2019-02-09T09:58:51.031Z,IC
dbe4ec75-1220-4d15-9288-ff4a1d5b8358,2019-02-09T23:24:30.058Z,IC
c9a3a098-1e58-4e4a-98cc-294ad85853d8,2019-02-09T19:25:33.342Z,IC
28904c06-78b9-41a3-9c1d-332c560eb617,2019-02-09T14:49:23.436Z,IC
76118976-ce21-4441-a239-2f61750d8c0c,2019-02-09T21:22:49.963Z,LEAD
d7448bef-1bb2-4f30-89ab-eb50e40cd643,2019-02-09T22:05:39.524Z,IC
b1edd522-6a3c-433d-9f4a-e516f8c51e8e,2019-02-09T19:42:52.737Z,IC
7046f89d-213b-40ce-8f55-be285d6794a9,2019-02-09T16:52:52.43Z,IC
6409051a-8d83-456c-86c8-07383f2a6821,2019-02-09T21:54:14.685Z,IC
37845a04-8784-4112-a678-d0fb343464f3,2019-02-09T23:52:22.707Z,IC
e2ab2522-15bb-42e2-ab9c-a2607e67791f,2019-02-09T21:37:42.324Z,IC
5c0ac763-5b21-4fcc-8b71-8667630c4263,2019-02-09T09:10:51.682Z,IC
ea5c59bb-480e-42e0-bbcf-3a44f3b1ebca,2019-02-09T20:04:04.229Z,IC
79ad5a4f-4d9e-469f-a1bb-6adec9a228d7,2019-02-09T19:55:53.906Z,IC
ead4bcf9-6bf0-452f-86f0-b35fd6f75690,2019-02-09T17:22:56.058Z,IC
2f140441-54a0-49b2-8e7c-2b304a5e20fd,2019-02-09T22:35:40.678Z,IC
890b3673-e7f2-47bc-be06-fd47bb3e71b6,2019-02-09T19:04:36.643Z,0
56f2f21d-133e-4ce4-98ed-12bf37b28790,2019-02-09T08:37:42.274Z,IC
6a8f757e-24b9-41a0-a19b-8c4022d50a27,2019-02-09T19:30:17.523Z,IC
aad6eb38-c637-4701-971d-c716e68b796e,2019-02-09T21:53:27.944Z,IC
e52d9531-1dc5-40df-a3ec-799785c5a4e9,2019-02-09T23:48:25.925Z,IC
7da28553-8b24-4a3c-aa9d-be2329372778,2019-02-09T19:45:43.33Z,IC
07110f5e-d5ed-4c2a-a0ba-5ab4ecc50ea3,2019-02-09T18:41:07.779Z,IC
ad19cb03-ce72-4ca6-bd4f-a257a49f200e,2019-02-09T21:47:57.105Z,IC
7dd96dfc-4bda-404e-b8d1-ffd89099aa9a,2019-02-09T12:53:01.332Z,IC
2ffcfa00-7b77-4129-8f76-39022e6fd80d,2019-02-09T21:01:00.04Z,IC
16983374-20be-4cdd-a343-1caef9342a1b,2019-02-09T19:59:00.262Z,IC
99251ec7-62f9-4e71-a58f-8b7901cc11e5,2019-02-09T21:58:21.937Z,IC
53bb8194-694f-47d7-a6d2-b00caefa9fb7,2019-02-09T20:17:53.787Z,IC
dbddb238-032b-4f8a-89e3-fe5e78a02290,2019-02-09T21:18:55.021Z,IC
f8ff2800-b3a2-4983-9af4-a4f631ebfc04,2019-02-09T19:37:17.355Z,IC
21e3eecf-a329-4238-b01d-1c3438f60dfc,2019-02-09T22:15:36.512Z,IC
1fe23b02-ae33-4c68-baaf-7760f84fb1f1,2019-02-09T22:39:33.566Z,IC
be80ddcf-c61d-4290-8127-4c7ef2273008,2019-02-09T18:44:01.398Z,IC
a4faad0d-1f1e-49f6-a9ce-00f9bca38d11,2019-02-09T23:27:19.793Z,IC
69feecf1-30d7-4022-aa29-aaa3b7f5ba12,2019-02-09T23:41:08.674Z,IC
c928e11a-ad0c-4aa6-966c-0dcf4f0796c2,2019-02-09T22:46:11.375Z,IC
adda0477-2d52-4c1a-b78d-f2b67783fe1f,2019-02-09T19:22:46.042Z,IC
25a37dfc-fe43-45ae-a527-d37cd4ebb42d,2019-02-10T04:01:17.739Z,IC
ff9ca755-3bba-4d69-af99-faff0f212d3d,2019-02-10T00:40:57.264Z,IC
330be9bc-8d6a-45e4-af42-c7db39bd8b51,2019-02-10T00:23:31.15Z,IC
c784cf62-af94-468c-a888-324edcd7c94f,2019-02-10T15:44:00.098Z,LEAD
120df779-6564-43d4-a6e1-a4f7128f5175,2019-02-10T00:33:13.423Z,IC
9016558d-f989-43d0-81fe-268ff62ab576,2019-02-10T19:56:45.915Z,IC
fc71a1a7-fdd9-44c6-a5c8-ee86f468724e,2019-02-10T01:56:52.171Z,IC
95690136-ff30-4f05-bd18-e1d174ce0473,2019-02-10T01:15:09.495Z,IC
2e35ed34-d32d-4a8c-926e-327832d9ff50,2019-02-10T22:00:21.14Z,IC
51114b3d-f152-4fb0-aa7f-17f82ecf299e,2019-02-10T00:23:45.97Z,IC
dec62cdb-dfbf-454b-948d-4945a76f9496,2019-02-10T23:14:57.9Z,IC
4b5023ce-a38b-4882-9749-d28f67e2e7e7,2019-02-10T21:18:14.984Z,IC
54798cc9-6a28-4d6a-814b-448ab00a9fd5,2019-02-10T03:35:24.829Z,IC
b424fe21-3d9c-40d8-abdf-6b4011484103,2019-02-10T18:36:01.008Z,IC
5bef86dc-9466-492e-99c2-4418c70d1dd5,2019-02-10T07:54:43.893Z,IC
ac856fec-8b7c-432d-91df-86b3cf8feb9b,2019-02-10T01:00:14.345Z,LEAD
904ca237-c024-4c55-8737-d074463be82f,2019-02-10T00:46:18.515Z,IC
ffbb521d-a0e0-409e-83e6-7161f4de0239,2019-02-10T07:04:47.349Z,IC
14d994d7-e8db-4b9f-adb9-2cdba5b05b21,2019-02-10T01:06:15.579Z,IC
4530ee9b-31e3-4c86-8fbb-463fe5f44baf,2019-02-10T01:22:27.374Z,IC
403cfa85-009c-424e-b09d-b1e15407ba88,2019-02-10T09:16:43.1752614Z,IC
e7637bfa-c441-4602-b517-09d54d05a311,2019-02-10T07:00:01.137Z,IC
66900e53-e901-4fbe-b7dd-1e522c5ca00f,2019-02-10T07:05:29.611Z,IC
8afc56b8-93e2-4867-aa05-3241a11d13d7,2019-02-10T22:28:19.7664607Z,IC
3d919e4b-5107-4baa-81e5-17c678ed783f,2019-02-10T22:35:02.591Z,IC
9919f9f6-d6ab-4b4a-9561-91a4fb33ea0d,2019-02-10T06:58:26.878Z,IC
8681c8b5-eb90-4cf8-a1d8-727da32a1d39,2019-02-10T01:23:55.834Z,IC
d9b2d2d0-ab88-42bf-a181-372b183d21ec,2019-02-10T00:55:03.519Z,LEAD
04911f6a-e20c-4b8e-aa87-7b7a19b2a5c9,2019-02-10T17:08:48.4362598Z,IC
8d54fe0c-0575-4348-a468-d9803392cd8b,2019-02-10T18:46:45.185Z,IC
2d3f3c7b-2890-40f4-b7c0-be63ef02dfcd,2019-02-10T07:08:34.573Z,IC
87377dce-8d3f-4a99-8d4f-d024fb35a62f,2019-02-10T02:36:33.666Z,IC
869ef14f-dc64-4138-bac4-bc58afc56afb,2019-02-11T22:43:00.531Z,IC
16be99f4-734e-415f-95b3-8fd390fecc57,2019-02-11T21:47:18.117Z,IC
d407da55-5970-4b58-bdb3-4be4b0f9b833,2019-02-11T19:00:57.016Z,IC
4f55f9d6-5411-4ae8-aa96-93aeb7db151d,2019-02-11T18:47:15.498Z,IC
a9118b88-ff5a-4bac-81a0-2140ccfffb29,2019-02-11T17:23:17.5432441Z,IC
24b37580-bb2c-46ba-8ee7-eba89d9fe577,2019-02-11T16:23:47.381Z,IC
17b7f071-d3ae-420f-8c33-7f7eda2a149b,2019-02-11T23:27:54.469Z,IC
6b07d28c-bf0d-43b1-a2db-13ae308da17e,2019-02-11T22:42:10.205Z,LEAD
9eb30a2a-c325-4869-97c8-d0dce89e2ef2,2019-02-11T20:46:41.846Z,IC
cedb825a-82b9-4df7-8dc3-2489d7269e72,2019-02-11T22:41:59.3431467Z,IC
900ba976-4750-4fda-bbb4-25c5dc4227d0,2019-02-11T17:36:38.466Z,IC
fc821283-28ec-4b40-8b66-0e33d0ec3412,2019-02-11T18:29:38.6987455Z,IC
23557bd1-a43a-4856-a2e0-84d9ac4f9297,2019-02-11T18:27:56.228Z,IC
59a9be4a-609e-42eb-8d02-69a0c1d4f8b2,2019-02-11T22:31:08.068Z,IC
9ff4d3b3-cf7b-4099-86c1-a5759ad9eb36,2019-02-11T23:29:48.658Z,IC
6e2f71d5-6c9c-478b-aad8-2ac8d711e3a5,2019-02-11T23:09:07.937Z,IC
fdc0a3a5-e80d-4b2d-a139-113bbd36c625,2019-02-11T17:37:06.52Z,IC
1f2b59e3-5c65-4f64-b02a-83c7dd321fba,2019-02-11T17:16:40.021Z,MGR
2795fb3f-1187-4ee1-895c-3c7e1149b706,2019-02-11T22:41:07.723Z,IC
d67ffb48-a2f9-41cd-8bfa-306943c00b2b,2019-02-11T22:29:12.441Z,IC
732417ec-fe6b-4d2b-b39c-45e6f916ad8f,2019-02-11T19:35:18.583Z,IC
b8504399-0834-4e6d-9fb5-7b81c861522c,2019-02-11T18:37:56.975Z,IC
3ad6a603-b7ce-410d-99e1-82a2de084f7d,2019-02-11T19:14:17.897Z,IC
2fc54bfb-0f41-445d-8c4a-64ac741d1836,2019-02-11T19:26:34.844Z,IC
c3bf779a-248d-4791-8142-59358cdd6100,2019-02-11T00:11:28.099Z,IC
3bc1caa6-ef79-47ed-82c8-5bba65c1054c,2019-02-11T22:06:10.794Z,IC
744f00a4-58de-4024-ab68-4bff05233acb,2019-02-11T19:50:33.625Z,IC
a2a53bb1-2889-4495-904e-6dd272b91da3,2019-02-11T18:29:51.7717332Z,IC
5becceae-144a-47d8-a083-de176de47477,2019-02-11T11:45:04.8623824Z,IC
92ceced7-2c22-4a46-a2b1-6cfcb440784e,2019-02-11T20:27:44.649Z,IC
83099c6f-6dc7-4e58-b620-7dc7ac9947ad,2019-02-11T20:41:48.415Z,IC
d8b5cc44-ee01-4cd2-839b-08451174c3b2,2019-02-11T17:33:28.0291402Z,LEAD
d7ecc54a-cc55-488c-a693-83d60ef7470b,2019-02-11T17:37:57.6377424Z,IC
8e0b9859-91a1-4c73-b724-ca983cc787d4,2019-02-11T21:41:37.9Z,LEAD
b22bb20a-d794-4b1c-86d3-a0385cf598aa,2019-02-11T13:52:44.741Z,LEAD
b22bb20a-d794-4b1c-86d3-a0385cf598aa,2019-02-11T17:57:42.5258808Z,LEAD
1075702f-d7bb-412d-bed9-b55e719719f8,2019-02-11T19:00:55.5537204Z,IC
bc659cbe-545b-469b-b799-80e3d5d9f781,2019-02-11T19:06:21.712Z,IC
9c419fdf-6e00-451b-a612-910945a18079,2019-02-11T17:58:04.7Z,IC
d3169688-2ba4-4274-a300-eadd2fb47164,2019-02-11T19:29:47.602Z,IC
73b722b4-cb69-44bb-93aa-7e303aa38635,2019-02-11T15:44:03.126Z,IC
11d4f82f-fd56-4ab4-9566-8c9876c4ba01,2019-02-11T22:47:30.483Z,IC
b15a3e44-acb7-4796-b90c-71b82026bdaf,2019-02-11T21:36:33.198Z,IC
a96bddd2-61b3-46ca-8084-35ebc6e79d6c,2019-02-11T18:51:31.556Z,0
ea6b52a6-7a81-4817-b12e-7423627a5a2d,2019-02-11T20:21:22.844Z,IC
99a46a30-a974-482d-add3-295bf22ea341,2019-02-11T22:17:02.233Z,IC
3781c848-46bf-4bfe-b19c-b2758697d661,2019-02-11T19:08:20.014Z,IC
c2676b36-d38f-4a71-8858-a656259c3639,2019-02-11T23:04:42.182Z,IC
08be74b6-ecc4-47c4-8aeb-9d7993d5112b,2019-02-11T18:07:41.902Z,IC
bc4c4037-df10-41f3-8896-1400f76eb2a5,2019-02-11T21:18:31.634Z,IC
42668126-6b62-42ea-af20-4a9081f71859,2019-02-11T15:19:43.63Z,IC
4c106cac-ee77-4d86-b843-90023104fbeb,2019-02-11T18:13:58.145Z,IC
15778d09-7b41-4d3b-889d-402059bc14ca,2019-02-11T22:48:19.121Z,IC
08011cba-6981-4007-a53f-06076a734fd6,2019-02-11T17:55:46.9200414Z,IC
0d1f5edd-f41f-4d31-8418-868caa108395,2019-02-11T17:02:10.0322505Z,IC
c09c743c-24d6-48fe-b8c7-1645ff2e6967,2019-02-11T15:09:06.5101564Z,IC
2dba4192-815b-472b-9f34-13e55db34679,2019-02-11T19:06:18.7239375Z,IC
c227f83d-8648-4572-b8b1-86f3f1560b56,2019-02-11T20:33:31.388247Z,IC
08546d9d-4694-4e2c-9648-964a5e4f36cd,2019-02-11T23:26:04.607Z,IC
6fd71013-b3f5-4df0-a1d4-2627ff2053c5,2019-02-11T17:36:01.0558824Z,IC
90a9c46b-ffa5-4959-9fc5-83303381bace,2019-02-11T21:28:44.718Z,IC
8b05d769-1472-4a91-83c9-5782cd7614ed,2019-02-11T22:20:13.523Z,IC
930fc6e2-7885-47b1-98f8-bf0efe254082,2019-02-11T15:46:00.054Z,LEAD
5818d6bb-ccac-434c-917c-9b6f530d1eb1,2019-02-11T19:01:21.099Z,IC
f9168b3e-13bc-4ceb-89f1-42828146ce4b,2019-02-11T05:35:09.295Z,IC
73f80ca6-7479-45df-8bde-dd2b4b2c9c66,2019-02-11T21:21:43.486Z,IC
7e069fad-c4e0-475c-a7d7-29318a68227f,2019-02-11T20:59:48.802Z,IC
d2fe084f-560b-471e-94c9-27e86ab30a32,2019-02-11T21:11:05.53Z,IC
800daf5a-68c1-4dc9-bb4c-2292a89d639a,2019-02-11T22:07:08.2871002Z,IC
2456ca26-9b1d-4af9-b5e4-c70d93b17a5d,2019-02-11T22:30:36.477Z,IC
501d9709-f24a-4540-8f68-37383597d364,2019-02-11T21:21:39.048Z,IC
0befe91a-9dad-4e80-b074-23145ee0007a,2019-02-11T19:07:16.149Z,IC
decfeb57-9ca3-4de8-91e6-ce9d3d48d5e0,2019-02-11T13:21:02.2661547Z,IC
466228e7-a8fc-409e-9135-06dc4326594f,2019-02-11T21:45:36.087Z,IC
97b97f2f-775b-40df-9df6-b7feb5a6b011,2019-02-11T23:44:14.0370364Z,IC
663f31a5-b323-4ef1-8518-c9ce61ba9195,2019-02-11T17:18:54.2037789Z,IC
7bbf9f68-2d99-40e0-b5c6-206e90a89a87,2019-02-11T20:10:14.3527936Z,IC
4530ee9b-31e3-4c86-8fbb-463fe5f44baf,2019-02-11T22:06:52.6222417Z,IC
dcb397ad-63dc-4fbb-8b3b-df695bfcf654,2019-02-11T16:23:09.5066835Z,IC
6e454e66-5626-4fa8-b72c-35c797eafade,2019-02-11T20:29:28.309Z,IC
bc881049-ecec-41dc-b3df-80906cc4e9cd,2019-02-11T23:20:17.9204329Z,IC
830ef9d2-c373-4a6e-9c3a-889d7369acb6,2019-02-11T03:28:08.895Z,IC
8ed3e9cd-e320-48ae-b2e8-17ced48a6a32,2019-02-11T18:33:38.622Z,IC
2a7de034-caf0-430a-8d58-0b19e18b8853,2019-02-11T18:04:27.327Z,IC
fb875c2e-6ea2-49a9-b1f1-24e0fb91720c,2019-02-11T19:45:55.899Z,IC
938782fd-c5eb-4c27-9b16-57cd48574f41,2019-02-11T22:53:42.024Z,IC
a3046248-fa28-4470-9cee-a4182c0aee84,2019-02-11T19:54:22.357Z,IC
cd742b13-9e29-4e1e-b472-d4a560726371,2019-02-11T04:37:19.1952307Z,IC
30831cb9-0c9e-4e43-a676-d6ffb09a3aa7,2019-02-11T16:31:05.2391527Z,IC
c907e7f0-ac69-479d-9ed7-ae20e74fd95b,2019-02-11T03:33:52.815Z,IC
25a80428-763d-4102-a2f4-6fd9a067a384,2019-02-11T19:20:33.996Z,0
17391895-b19a-4db3-8449-d0280ca8d91b,2019-02-11T17:25:31.414Z,IC
8859d2f6-48a4-44ca-a360-14783ec0af8a,2019-02-11T15:49:03.8881127Z,IC
c46d4f18-8a49-47e7-8e61-4413bc399ada,2019-02-11T21:37:17.153Z,IC
b9c3896c-1c48-47d2-8a16-a397cad8d17e,2019-02-11T19:36:26.87Z,IC
d677bc23-4a9b-4b12-864b-8b1254d4d1d6,2019-02-11T18:11:13.238Z,IC
e71f5731-a07f-4456-b805-b364d1e836fc,2019-02-11T18:44:34.579044Z,IC
b89ce852-b276-4deb-b50f-6b19a45e1157,2019-02-11T20:25:02.261Z,IC
3510f423-7635-4b38-b6f1-47bf6258f2fc,2019-02-11T17:25:20.337Z,IC
d9b2d2d0-ab88-42bf-a181-372b183d21ec,2019-02-11T20:39:14.594Z,LEAD
ae2899f9-aed8-43a4-8348-7ababaa19390,2019-02-11T19:51:31.424Z,IC
350a1936-fa27-4ba2-97d3-412f377f7b59,2019-02-11T19:47:27.2181679Z,IC
a966261b-f74a-4192-aa10-fc4bbc3daba5,2019-02-11T17:45:12.643Z,IC
8b1a3063-4c2e-4b5d-992c-94c0cf8a9d70,2019-02-11T19:29:04.33Z,IC
a4d5c375-5462-4cb2-afc2-44333e2cff12,2019-02-11T22:52:00.06Z,0
0c9c14d2-14d8-41cc-8201-8a91b52fa661,2019-02-11T17:40:54.812Z,IC
1d145a61-99ae-41df-af53-127bb8d358cf,2019-02-11T19:43:39.784Z,IC
7327ac9b-3503-4f1e-9ae9-8ac6b0e61c37,2019-02-11T07:19:54.677Z,IC
fe518b02-8384-4be1-8d6b-79fe5b95ce9c,2019-02-11T21:52:45.698Z,0
47ed071c-df5f-4415-9488-86b5a2b1522e,2019-02-11T16:36:44.342Z,IC
9022dbae-d1b2-4bda-82bc-7d72fbc5e198,2019-02-11T23:57:01.0455389Z,IC
f4ca8ddc-ab15-408c-807c-24c0d8b2fb02,2019-02-11T22:54:12.218Z,LEAD
b2ead143-b39f-4d8e-a73e-adbecdbb9f26,2019-02-11T06:57:02.603Z,IC
b593e67d-1a6c-4785-85dc-7baa427b4b14,2019-02-11T16:48:16.551Z,IC
17e780d2-c85a-460e-a849-9a7f398b4e4e,2019-02-11T19:00:38.846Z,IC
70cde730-0e5b-4340-be10-fa0a69387830,2019-02-11T21:27:35.675Z,IC
70cde730-0e5b-4340-be10-fa0a69387830,2019-02-11T21:13:54.2692736Z,IC
1d3060d4-3fba-48b8-96d0-f017a0c5a48d,2019-02-11T22:57:15.149Z,IC
360bf2c7-432c-49b0-9968-6d34647d2233,2019-02-11T18:29:57.539Z,IC
6315a70a-3bc1-4d69-80e3-9a43f5eaff1d,2019-02-11T21:51:17.009756Z,IC
fbb8d7b8-6a61-46a0-b2ec-4bf4d9cb5c56,2019-02-12T01:28:56.8920354Z,IC
b7433ce1-8997-4176-b00b-2d09a1da5253,2019-02-12T03:55:42.7454316Z,IC
1d35252d-598e-4706-822c-6827ecc0bbba,2019-02-12T23:42:08.515Z,IC
f7336bac-1382-4fb1-9041-c169c468c314,2019-02-12T22:47:31.806Z,IC
b96dc522-1fd9-49f2-8ccb-437bccf32514,2019-02-12T18:40:02.603Z,IC
12c2b106-2500-41a2-abf6-fc9b9a827dbc,2019-02-12T23:07:44.989Z,0
782166c8-edde-46a6-871f-41f02b50bc8e,2019-02-12T17:45:40.985Z,IC
624c31ac-684b-413c-a93e-c4792d27af5e,2019-02-12T23:32:26.037Z,IC
1c094559-0903-413e-8786-8c7bfcafcf61,2019-02-12T17:28:29.945Z,IC
0b1caf8e-4e98-4aae-a377-6ae71299951b,2019-02-12T02:34:44.2224477Z,IC
5b90b134-79d2-40a3-8fb1-0f225e9a3aa3,2019-02-12T21:52:06.584Z,IC
73b722b4-cb69-44bb-93aa-7e303aa38635,2019-02-12T15:13:34.87Z,IC
ca645463-e682-4c3e-97ce-bceabc0e0db6,2019-02-12T18:53:56.761Z,IC
587a558e-395f-4a85-8bcc-c92df498ad83,2019-02-12T00:34:59.062Z,IC
b3686b0e-84e9-4ae6-aad6-139376cda3bc,2019-02-12T00:56:53.954Z,LEAD
d8b568bb-7926-41cd-bee6-76e514510a31,2019-02-12T19:30:34.476Z,IC
9d6cd137-f0c7-44ec-b7f3-82a3076f00da,2019-02-12T01:38:27.319Z,IC
b97e0d5a-0e52-459c-bf47-05847240b576,2019-02-12T11:54:31.415Z,IC
84f20a80-a769-408b-b5b4-fea7d508145d,2019-02-12T21:24:31.559Z,IC
134ff585-d90e-4992-8daa-9d7b5d198d40,2019-02-12T00:46:57.355Z,IC
1d7c43a8-b526-4013-88dd-070e05699ece,2019-02-12T22:48:03.757Z,IC
0d47e0cd-a231-4fdf-af5d-acadcb9dcdb8,2019-02-12T20:44:31.0230936Z,IC
0c23ebe1-fc65-4fc9-b0cc-59ba54514f7b,2019-02-12T17:39:46.505Z,IC
749c01c5-4987-4969-923b-d01dc6d0ca19,2019-02-12T02:29:15.7798332Z,IC
7e690a17-9b88-431d-898d-f9eb4aec254c,2019-02-12T18:20:08.1280941Z,IC
42886220-a713-48a1-88b7-b83b3deeb958,2019-02-12T20:43:26.326Z,IC
e7d72b03-e9cc-4dfa-84a5-6c073892cc31,2019-02-12T20:27:23.129Z,IC
7eaa2dd4-5b82-4222-9dfa-5b34c6fa0313,2019-02-12T05:14:32.149Z,LEAD
0ee9805e-2836-4448-a0ac-4c5af4c2e541,2019-02-12T20:31:03.5323194Z,IC
2456ca26-9b1d-4af9-b5e4-c70d93b17a5d,2019-02-12T18:55:43.7975508Z,IC
1450a4e6-cb02-4d53-a327-a681a601768d,2019-02-12T14:55:50.3083591Z,IC
15e1940a-90d7-45ed-a373-27c4b8df3768,2019-02-12T01:07:41.6604328Z,IC
333b752c-7f1d-40bd-814c-2055961cb872,2019-02-12T01:00:06.276Z,IC
79ec218b-4f85-4f80-bb8e-4bae787bbaf5,2019-02-12T22:30:13.5142598Z,IC
9a53ddef-5785-481c-a9da-3cad2d889ed8,2019-02-12T18:50:02.4833037Z,IC
de6a0517-b9ed-4512-b7f8-301f65b8e625,2019-02-12T00:19:05.846Z,IC
68b584e4-74a8-46df-b14d-210c2df6248c,2019-02-12T19:38:49.547Z,IC
cf3dae1e-d96f-46a7-a54c-ba7cf3e41d80,2019-02-12T18:53:14.039Z,IC
439af786-3cda-4bb0-896f-2e4ed2914863,2019-02-12T18:06:57.536Z,IC
fdfbf9a2-b32c-486a-965b-7e8152ea3523,2019-02-12T00:39:28.626Z,IC
bede9219-2fbd-4ace-8e1c-57b19ac9c9a9,2019-02-12T20:23:00.574Z,IC
2587b8e3-76c5-496d-8fb1-8848626c071b,2019-02-12T00:59:19.079Z,IC
f999d31b-e334-40e4-aa58-94a28b56c55e,2019-02-12T23:19:15.873Z,IC
f8bca96d-d8d0-4cbc-8f87-c4f167af540b,2019-02-12T02:39:37.338Z,IC
7839a0b1-8909-4c81-a08b-4246f9ebb00b,2019-02-12T17:31:43.8866234Z,IC
2574d50a-0040-4d4d-919d-c05040f4ef52,2019-02-12T01:06:44.159Z,IC
d1b455d1-92ff-4f3b-b67e-3e600db0959d,2019-02-12T19:59:46.463Z,IC
7c4e6dc1-2d65-4d34-a701-d691b4268b5f,2019-02-12T02:36:15.79Z,IC
533c4fef-763e-41f4-b522-4b6289994ebe,2019-02-12T00:11:38.008Z,LEAD
f1e5627f-b93b-442d-a576-f9bf0815c6ba,2019-02-12T17:32:37.181Z,IC
d677bc23-4a9b-4b12-864b-8b1254d4d1d6,2019-02-12T23:20:51.9889549Z,IC
72337ee8-28f2-422a-aaff-c2242d40e2c0,2019-02-12T06:39:18.4448454Z,IC
ca645463-e682-4c3e-97ce-bceabc0e0db6,2019-02-12T05:49:08.1003153Z,IC
1d145a61-99ae-41df-af53-127bb8d358cf,2019-02-12T19:21:21.57604Z,IC
cb0284ea-a9f6-4cd1-9dd5-c3893c494e88,2019-02-12T18:47:10.6186594Z,0
621a114a-e12b-45fe-92ca-e1624a9b479c,2019-02-12T23:38:48.402Z,IC
3cbe90f6-dc08-4cf3-8a2d-068c6113a70f,2019-02-12T18:01:11.716Z,IC
50fef59d-9dcd-40d9-8687-08e9a8e8dbda,2019-02-12T19:46:23.76Z,IC
6cf583e7-091a-4b93-a89b-6f2b4ff8ff98,2019-02-12T17:34:10.932Z,IC
6e552a8a-732d-4478-89df-1a7e65828c1b,2019-02-13T00:50:06.984Z,IC
90ad704e-95ee-498b-9064-cd3bc7bb86b1,2019-02-13T01:48:07.031Z,IC
e284dac8-0f0d-466f-a316-c063124dbba8,2019-02-13T21:23:14.841Z,IC
a1048cfe-23a3-415e-aa8e-ea30258c7b5a,2019-02-13T20:37:29.369Z,IC
5e8b7793-4803-4a92-b861-e531be5a3803,2019-02-13T13:42:27.7685196Z,IC
645b2d21-3a6b-4f36-885b-862f3f82e56a,2019-02-13T21:40:43.889Z,IC
7dc6b380-38f9-4f83-b29b-f4bc18464d89,2019-02-13T19:53:50.305Z,IC
f3f6f212-1fce-4b52-9046-b04cf8e4119f,2019-02-13T19:24:09.0549313Z,IC
d1bd6172-bb8c-4bb9-8b5e-5579d1b56fe4,2019-02-13T23:17:47.3290833Z,IC
82e0acf6-7b1d-44f5-a4e1-4c187c409811,2019-02-13T22:01:39.433Z,IC
ca6a3a85-69c7-4bec-ab8f-07e956874b8a,2019-02-13T01:59:41.985Z,IC
e2e6b3d8-77df-4a6b-9d3b-8bb76b6d0c15,2019-02-13T18:26:00.953Z,0
1547e760-b7a5-4aec-8de7-b8e9de2cf677,2019-02-13T17:50:46.33Z,IC
848ce844-5630-4ae3-bef9-a47c69ca7b07,2019-02-13T01:41:59.189Z,IC
c5d016a8-5051-4d84-b6c6-8edea893f89b,2019-02-13T05:43:36.753Z,0
c5d016a8-5051-4d84-b6c6-8edea893f89b,2019-02-13T05:40:47.801714Z,0
495f0adf-6b33-4d9d-89f2-ad7052fdd64b,2019-02-13T19:06:46.5020651Z,IC
54415558-4ce7-4287-8f89-4ff8ca8efba2,2019-02-13T18:23:52.457Z,IC
744f00a4-58de-4024-ab68-4bff05233acb,2019-02-13T21:00:33.8143958Z,IC
39565909-ac22-4303-a50b-07e9b101088e,2019-02-13T23:38:30.312Z,IC
51bf451f-d52d-4de2-af91-ce964c47968e,2019-02-13T19:16:39.5600898Z,IC
a147e0ba-7266-4ca2-84a8-12b26988ed3a,2019-02-13T17:31:43.637Z,0
30d2a6f2-5814-48a1-897e-a49ecfd749e8,2019-02-13T21:08:12.849Z,IC
9f869dc4-4c1b-4f2f-b24b-47bd621a569b,2019-02-13T00:51:34.4Z,IC
9f869dc4-4c1b-4f2f-b24b-47bd621a569b,2019-02-13T22:22:33.4376278Z,IC
e595fef9-d342-4d5f-8445-2142b522b74f,2019-02-13T21:03:07.903Z,IC
bc4c4037-df10-41f3-8896-1400f76eb2a5,2019-02-13T19:40:00.380326Z,IC
e6c4dc06-fec2-4afe-a90e-afb2ad9476a1,2019-02-13T22:05:03.9800203Z,IC
2dd294f1-3e29-4b79-9a8e-33f6dd28d699,2019-02-13T18:30:52.625Z,IC
95fcb98a-3234-453c-87b3-eda90bea33fd,2019-02-13T20:00:24.196Z,LEAD
95fcb98a-3234-453c-87b3-eda90bea33fd,2019-02-13T01:08:22.4891497Z,LEAD
65f07cb9-a72b-40a2-ab67-bb90619a66ce,2019-02-13T20:09:58.884Z,IC
93ae0b3e-239d-4464-a414-6ab68e1b02c0,2019-02-13T18:42:46.068Z,IC
75c9e602-c69f-49d0-ae4a-f41204987d0d,2019-02-13T00:03:27.5546236Z,IC
2f2ea21e-b38a-4754-a489-4047242238fd,2019-02-13T18:20:53.9435404Z,IC
5dce139f-2ea5-44a9-a2a1-cd5663405ece,2019-02-13T23:55:22.503Z,IC
6f411a3f-6410-4c26-ab11-5a15e5950edf,2019-02-13T21:26:58.271Z,IC
f21bff6b-92c7-4568-a583-4c02b6f08ac6,2019-02-13T21:48:41.75Z,IC
a56a07b9-d0a0-4aea-b81e-62c98383f500,2019-02-13T22:42:00.261Z,IC
461008e9-7004-491a-b7d6-37e2debe1174,2019-02-13T18:47:45.0251068Z,IC
acb77f98-6d94-4a8f-a664-499571f5c6c7,2019-02-13T23:38:25.1982738Z,IC
a2e3d3cf-17f3-4f68-90ec-62dc7cf1bd0c,2019-02-13T21:09:01.0482194Z,IC
aa0f0d82-07b7-4455-ae3c-6753e73e702c,2019-02-13T21:43:11.4753805Z,IC
330d1e5f-580d-4192-8b70-89deaad3cb27,2019-02-13T00:56:01.599Z,IC
9f1fd68f-94f9-4a1b-9b23-a9546db36bb7,2019-02-13T22:47:57.446Z,IC
2f2be7ae-3ec9-4e0a-a736-b8d630fe19e9,2019-02-13T20:53:04.943Z,IC
2d34dd8c-1fb9-4650-8ce3-eafdd7be70c1,2019-02-13T03:06:03.397Z,0
8afc56b8-93e2-4867-aa05-3241a11d13d7,2019-02-13T18:17:01.432Z,IC
6fa4ba4e-9f16-48e4-9da9-df0015e0cb13,2019-02-13T22:03:58.322Z,LEAD
25a80428-763d-4102-a2f4-6fd9a067a384,2019-02-13T16:36:33.9347787Z,0
01aec693-27c7-42d1-9021-f542b6db37b5,2019-02-13T00:39:40.205Z,IC
b6389260-30fe-4544-92c6-039411bf1cb7,2019-02-13T02:29:17.431Z,IC
5ab31a66-a402-45b8-ae3d-6fb3725fb7b9,2019-02-13T21:22:02.4663086Z,IC
d2a41010-698b-43b5-b145-42c357031b7d,2019-02-13T18:50:27.761Z,IC
ecb8c9bf-115e-4810-80e4-daa3c15af035,2019-02-13T19:41:32.668Z,IC
3c68e86c-9c76-478c-b608-77b94eff9208,2019-02-13T19:24:50.3231434Z,IC
e0598157-734b-45a9-916a-260c2523abb9,2019-02-13T19:35:30.494Z,IC
2c42aaa3-855e-45ab-8bc0-8201174f76b9,2019-02-13T22:20:31.7418452Z,IC
3062acf7-54ec-4f0f-960d-6a7aab377a8b,2019-02-13T19:22:57.98Z,IC
81fd6871-7f37-4159-bd7e-a163a8d77ff5,2019-02-13T23:24:55.915Z,0
4cc6442e-8c4e-4b26-9505-946e58ab5366,2019-02-13T12:30:40.8090202Z,0
434de9f3-c483-4078-ae65-9c1f3595236f,2019-02-13T19:51:00.093Z,0
946018c3-340f-4c88-a8f5-1e08a7ec8b6d,2019-02-13T00:20:05.152Z,IC
829bcbe7-d54c-49e0-a005-3192003192f4,2019-02-13T21:05:19.251Z,IC
e232b5ef-bb32-4ea1-90cc-43bb574f7250,2019-02-13T10:17:58.402Z,0
295e938b-20aa-43a0-b10f-3fad9a766eb2,2019-02-13T21:06:15.446Z,IC
d247ae5a-39b9-4d17-87f1-b95eeff96b43,2019-02-13T23:27:15.1335008Z,IC
66ebc0a4-408f-4f3a-9b69-a237865fbb57,2019-02-14T19:57:48.365729Z,IC
95ef460d-9fea-479c-b820-73d12dd06e4f,2019-02-14T22:49:38.157Z,IC
e9a66dea-e317-4bc8-b48a-a6df3d0fe757,2019-02-14T18:47:04.28Z,IC
4e1fae76-10dc-4304-8a69-54d06fb60a43,2019-02-14T22:28:45.573Z,IC
57a52c4b-5619-4af8-bb81-c5766a126d31,2019-02-14T20:25:42.8431493Z,IC
a0b13ddb-b65c-4f08-a14b-7749dfbfcd5f,2019-02-14T19:21:39.7726772Z,IC
266d8944-b2db-47d6-9c41-93c2c77c6cc3,2019-02-14T23:01:01.1630803Z,IC
e6edd56d-93aa-48dc-8ee9-1b352c5bb790,2019-02-14T22:23:36.116Z,IC
65978535-1ad7-474e-91e2-d73fedb89438,2019-02-14T17:41:16.6088917Z,IC
4e6e73df-211e-47c4-9067-cf777d5a9838,2019-02-14T00:19:38.028Z,IC
a9db13a0-3b9b-4d2f-b0cf-2a85938452f2,2019-02-14T21:15:03.364127Z,IC
9f9c3783-1c98-41f0-bc08-f868be25eaf5,2019-02-14T21:50:09.677Z,IC
5edee988-d53e-47b9-a939-349e03761ae9,2019-02-14T01:57:52.142Z,IC
a213c92f-ef05-45d8-b93b-f337391e2af2,2019-02-14T23:21:57.033Z,IC
d416e580-29aa-4008-baa3-7ea378af3feb,2019-02-14T09:33:10.753Z,LEAD
0a594e51-ce76-49ae-b676-39f4cf02f397,2019-02-14T22:27:33.6613366Z,IC
5dce139f-2ea5-44a9-a2a1-cd5663405ece,2019-02-14T22:02:24.7853778Z,IC
602c594c-ccd1-4eeb-a6b6-6cbf48fa3a87,2019-02-14T20:27:51.7816558Z,IC
4164722d-dd13-487b-b9f7-bdecc6f1d957,2019-02-14T19:55:56.0065232Z,IC
6111c6d1-ce0d-48bf-a981-1a23f027873e,2019-02-14T19:35:12.974Z,IC
6ff09dfe-8fe6-4126-9a55-74da14ba43fd,2019-02-14T19:28:40.3268604Z,IC
403cfa85-009c-424e-b09d-b1e15407ba88,2019-02-14T23:17:06.48Z,IC
e5577800-27c5-42e8-80bd-85b73dc250b3,2019-02-14T16:59:25.19Z,IC
3d173372-ce83-468b-8899-c9f11431ac33,2019-02-14T22:50:58.142Z,IC
745a3829-2036-40e9-b72a-95ed286a0a13,2019-02-14T22:21:58.7743437Z,IC
6f16c6df-c2a7-4638-b20d-b9151dd3f297,2019-02-14T00:05:55.118Z,IC
6a8f757e-24b9-41a0-a19b-8c4022d50a27,2019-02-14T22:13:41.4509011Z,IC
31ab0f50-1a5f-4976-a410-45039c465fb8,2019-02-14T17:59:21.0897227Z,IC
d8121021-5788-4717-914f-6f895331ac4a,2019-02-14T20:32:17.501Z,IC
e020af12-b1fa-4ea5-a927-63e5d2c9dc10,2019-02-14T23:41:31.160717Z,IC
1f5ba9b2-7ed1-4e79-ab9c-5895b7ea9942,2019-02-14T19:35:32.516Z,IC
229eefa5-dd62-4dd6-8cc2-403ae78ecee7,2019-02-14T16:53:24.652Z,IC
de2a5a32-4024-4beb-b647-5429d873a3f5,2019-02-14T11:27:51.1652016Z,IC
82f49c62-8a57-40a3-ad0c-63b83a899e60,2019-02-14T00:39:05.262Z,IC
b7987475-68b8-4aba-acb3-be50c8bdf0e4,2019-02-14T18:47:44.091Z,IC
aa47a277-7ea6-491c-9c48-3b5b808dc108,2019-02-14T05:40:39.0739272Z,IC
afdf2748-1995-4083-96b4-9ee322427b36,2019-02-14T23:48:29.25Z,IC
2dc5e5ca-c17a-45b3-ad92-a76598f3a79a,2019-02-15T16:44:50.3Z,IC
6e2f71d5-6c9c-478b-aad8-2ac8d711e3a5,2019-02-15T17:37:37.6892876Z,IC
995946ca-d35f-4125-852c-f6affe4a7050,2019-02-15T02:17:22.9101292Z,IC
eef00ef4-075e-48b7-a4c3-7d17f45384e0,2019-02-15T18:14:40.748Z,IC
6f9d94fd-4f91-4ab9-8815-92258a034591,2019-02-15T18:04:31.039Z,IC
0c92dff4-ea5b-4f7a-bc54-51fa35e008e4,2019-02-15T19:51:59.798Z,IC
40e5a2c4-75df-4035-ae27-fca40586d6ff,2019-02-15T18:55:04.5373937Z,0
d06e58f5-9c4e-42d2-861b-60805c56bdc1,2019-02-15T02:23:15.171Z,LEAD
14edc8a0-1a6a-4cf4-8340-8517e37b1730,2019-02-15T00:26:41.815Z,IC
8c25f8b9-4bdd-4a57-91b6-5eef2e5a9069,2019-02-15T00:04:03.51Z,IC
870488e9-9aa6-491c-8584-efadf05793bc,2019-02-15T18:34:13.756Z,IC
1af0e485-bf45-44f0-9fb2-6224ea71a57e,2019-02-15T19:08:14.072Z,IC
b936c575-4fec-44b2-ba16-b4be8f339664,2019-02-15T22:44:57.8718356Z,0
925a236a-b803-4937-b63f-811228cc0753,2019-02-15T00:38:49.005Z,IC
a67c304e-a10e-46bd-bbde-a0c72e8460d3,2019-02-15T01:33:50.439Z,IC
10681fa9-d78b-4c1c-a459-c973f4cb5878,2019-02-15T18:42:26.419Z,IC
fdd97bc7-fc60-4434-8843-379fd2f79747,2019-02-15T19:19:40.9013219Z,IC
de6a0517-b9ed-4512-b7f8-301f65b8e625,2019-02-15T22:49:46.3177505Z,IC
fc596089-ca15-4630-a577-ff96e1b49e8a,2019-02-15T22:49:44.0310701Z,IC
a2b629a0-6363-451b-bb0e-a49e74ee9565,2019-02-15T22:32:52.838Z,IC
2a7de034-caf0-430a-8d58-0b19e18b8853,2019-02-15T17:45:36.412Z,IC
cffacf73-904e-49d0-a48c-08364b2ff366,2019-02-15T20:12:08.7651644Z,IC
922096a1-08c8-406a-a258-7d8d066d6bcf,2019-02-15T23:46:29.4499913Z,LEAD
16ef3aca-64d4-4d7a-96a9-736ba4c195c5,2019-02-15T02:19:02.087Z,0
72f4a088-c553-494b-90e1-e988c9a8d721,2019-02-16T01:42:28.4396478Z,LEAD
10504ec9-d867-4521-93d7-8edc24f864b6,2019-02-16T00:20:33.4946575Z,IC
72ce9d21-5c6c-4237-955c-c554eebc9cc8,2019-02-16T00:30:06.108Z,IC
8a4ee45c-67ef-4635-9570-06e8a0f96798,2019-02-16T01:01:55.734Z,IC
3dad1ada-1103-4116-9f94-8d083a26fcb1,2019-02-16T02:18:23.325Z,IC
57a52c4b-5619-4af8-bb81-c5766a126d31,2019-02-16T01:03:16.628Z,IC
65978535-1ad7-474e-91e2-d73fedb89438,2019-02-16T00:42:29.979Z,IC
43df3abb-5b8c-4a69-a11e-a34698ed6656,2019-02-16T02:20:04.519Z,IC
b5e52729-c52a-4514-8c1b-6f3849c45ade,2019-02-16T00:24:39.634Z,IC
5ad13a51-677a-4f6c-b643-dbb75bad7250,2019-02-16T00:22:48.7886345Z,IC
b47aea9f-86ae-4f58-84f1-db544549efd8,2019-02-16T02:04:58.416Z,IC
1cc4b9d1-8634-4721-821d-cfe05445c093,2019-02-16T19:27:42.41Z,IC
7d7ac71c-3fc4-4bc9-9c60-d96dd55501ce,2019-02-17T15:36:14.774Z,IC
1ebcb6c2-6c25-4ca0-9329-f67e088fdc91,2019-02-18T19:25:54.003Z,IC
0fa23e93-d615-4066-9ae1-7406edcda83d,2019-02-18T09:01:01.957Z,IC
9c266e91-8794-47d3-a7f1-e6f63cdcde61,2019-02-18T20:50:20.834Z,IC
72cc675b-e6fb-4d8f-89e6-eb45a5d50560,2019-02-18T09:04:53.607Z,IC
a966261b-f74a-4192-aa10-fc4bbc3daba5,2019-02-18T21:11:56.0024055Z,IC
4a599b6c-ae7e-4c09-bdb7-c90f0da28521,2019-02-19T21:02:53.17Z,IC
7fc3d546-dc6b-4739-925e-0f3eb7f96b64,2019-02-19T22:11:09.474Z,IC
92854d84-2d90-466f-b4ef-c2dd1088537b,2019-02-19T22:30:40.774Z,IC
d0a4a30b-2f39-437c-9378-c37e78259420,2019-02-19T17:52:35.33Z,IC
ead6648d-ed27-4dc5-a259-5f829aad0495,2019-02-19T21:32:53.414Z,IC
1fa8684b-9fa5-4cd8-bb0f-35837885c7bb,2019-02-19T23:24:27.969Z,IC
4f0bf268-7920-44cb-9380-2bf6ff0ed2fa,2019-02-19T22:15:12.24Z,0
1e286039-e235-4222-bce6-71fd70b7b050,2019-02-19T14:09:28.3947345Z,0
4666f7a2-1c32-4ec3-8a85-bbea129da1ce,2019-02-19T23:23:49.567Z,IC
2bf813b4-0537-44f6-937b-f7e87dd3c0d7,2019-02-19T21:29:44.372Z,IC
fea5e932-92fc-4890-81c7-9bdec20bb855,2019-02-19T22:23:58.2109606Z,IC
f88f5d76-a5d5-4fdc-b782-f6b119abc869,2019-02-19T21:42:13.878Z,IC
d7081bc2-bf28-4922-9645-ca8b17cf05ae,2019-02-19T23:35:21.19Z,0
a1f6d205-6bec-4bee-9e29-286fca8b35c9,2019-02-19T22:33:05.6730578Z,IC
e42e5fe9-3c64-46a6-8eec-05dcf540bda4,2019-02-19T23:33:34.466Z,IC
b22085aa-8068-4d92-ad0b-f0285cb9dc14,2019-02-19T17:59:36.7915947Z,IC
2d510293-a6d2-4931-85d5-d601801ee290,2019-02-19T19:21:39.908Z,IC
9e12fdde-4bb3-40ea-97ac-f066c68fd84e,2019-02-19T22:50:55.5192029Z,IC
47cfd2a0-050f-4b72-98eb-edaa2133f3ec,2019-02-19T04:56:49.8740876Z,IC
819a275c-676a-4869-858e-59c63f0c6feb,2019-02-19T23:22:19.489Z,IC
fa78fe88-77f8-4c9c-8c32-f1a4c67f90b8,2019-02-19T23:23:53.5789002Z,IC
56540f36-3be7-4745-9536-c5393e5319cd,2019-02-19T20:57:44.103Z,IC
6dcdca00-73d2-4900-9e4c-e1f644e50e44,2019-02-19T08:31:52.361Z,IC
a2504a27-a7c2-447b-855e-1200ca245851,2019-02-19T18:57:55.91Z,IC
6efc3b8d-5697-40f0-8383-6c18eae4d0a5,2019-02-19T16:55:27.405Z,IC
c31bb738-ec11-45eb-b193-65f5f5e2d8f3,2019-02-19T20:10:20.536Z,IC
28c7c66f-df53-40b8-a14b-7142fe9934b3,2019-02-20T01:11:49.768Z,IC
c0ac1473-6f8f-4fc0-98b7-3c2253341ec0,2019-02-20T23:19:44.712Z,IC
d0ad113c-1e01-47dc-9a1f-e262a4a966ee,2019-02-20T21:47:35.975Z,IC
544edc0a-8827-4179-9136-673d9fe32c11,2019-02-20T22:06:39.362Z,IC
6dc3770b-0253-47ca-9ef9-5495689127c9,2019-02-20T00:42:58.7000816Z,IC
603fdb72-be2f-4597-8e95-a46b94a47e3e,2019-02-20T18:57:54.435Z,IC
9de1e46f-58a6-464b-ac39-c5d0ac331812,2019-02-20T01:50:42.396Z,0
7a702a18-8946-4889-a175-62f9c97af7e5,2019-02-20T00:35:25.3090327Z,IC
a734aefc-40db-4791-bfbe-c31aaa3eb5a5,2019-02-20T22:59:06.121Z,IC
a734aefc-40db-4791-bfbe-c31aaa3eb5a5,2019-02-20T23:00:30.7120254Z,IC
1133893e-4a7b-44ce-96c0-007333a8a238,2019-02-20T20:19:28.4274837Z,LEAD
3fba0485-f0d6-450e-96c6-f41060311e26,2019-02-20T20:36:01.38Z,IC
902d71e9-61ed-4055-9d82-6b2cfd3bac0d,2019-02-20T22:33:34.5937489Z,IC
ac2e4b9a-4c06-49fa-934a-8b66ac0ae70a,2019-02-20T19:31:42.7150871Z,IC
18bddce7-d37c-418c-b022-3beb3579661f,2019-02-20T20:01:42.4067268Z,IC
5c8aae00-7e1e-42fc-aa66-086f010beee2,2019-02-20T23:26:07.6051019Z,IC
a4faad0d-1f1e-49f6-a9ce-00f9bca38d11,2019-02-20T01:33:40.2157912Z,IC
9d50a454-0dd3-4ae8-ad6e-48d203ee0b4c,2019-02-20T23:15:48.244Z,IC
96323c8e-e55e-4edb-a880-ca1b1b361b30,2019-02-21T01:02:06.854Z,LEAD
ee7c1d45-2c15-489a-ad9f-f3b30ea0e86d,2019-02-21T21:54:30.6292289Z,IC
c6218377-d356-4e47-b1a1-b79075833457,2019-02-21T01:57:27.7621819Z,IC
61159885-3764-4590-9c42-ed77c80c59ec,2019-02-21T20:04:13.154Z,IC
5b8279be-dea3-40e2-b06f-afa287e21362,2019-02-21T22:04:45.465Z,IC
8a966641-47fe-4c73-bda4-cb2a4e5e6cae,2019-02-21T19:41:42.744Z,IC
a4442e10-ef61-453f-bb93-1f5098b45778,2019-02-21T01:53:21.676Z,IC
a9eaf7c6-357f-4667-ad9a-63abe24dea41,2019-02-21T18:22:47.340426Z,IC
66537d27-5977-43c4-8fe1-c9117f116d9f,2019-02-21T16:57:29.9305895Z,IC
45ed5433-90be-4d0c-a3c0-05e40280ca8e,2019-02-21T17:54:14.178Z,IC
b4056a8e-90c2-4d11-bc84-b9a1eb82a9aa,2019-02-21T21:48:11.6018907Z,IC
9ed46fc7-71f0-4eb0-bfcd-86d0d258d328,2019-02-21T17:37:45.3956809Z,LEAD
2491e7be-7472-4d70-b03f-a0e17f1796d3,2019-02-21T21:54:32.3076509Z,IC
0471e001-35c3-48f4-8dd8-93d5397e1304,2019-02-21T17:40:58.1432518Z,LEAD
66c250ed-db95-4cba-a943-53624c9f5616,2019-02-21T01:46:27.133Z,IC
25e4c5ba-a97e-4140-9219-dc6aade0e470,2019-02-22T16:23:42.769Z,IC
800daf5a-68c1-4dc9-bb4c-2292a89d639a,2019-02-22T22:56:46.868Z,IC
099c1860-cfd9-4af9-a44a-2a1eddc3c23d,2019-02-22T00:31:23.42Z,LEAD
45269dc6-cf62-4d20-90e9-150796dcef54,2019-02-22T08:30:43.773Z,IC
08ac1efd-9bce-45fb-9389-f04631c78559,2019-02-22T16:01:41.647Z,0
5231f189-d560-488b-b9db-ea82edbb696f,2019-02-22T21:35:48.066Z,LEAD
eb4eb5e0-d2f5-44d7-ad22-997fce431f21,2019-02-23T07:50:39.963Z,IC
0c531bcf-cda7-49fe-8d40-51a57a8940b9,2019-02-23T01:11:26.7000667Z,IC
54798cc9-6a28-4d6a-814b-448ab00a9fd5,2019-02-23T00:18:30.106Z,IC
ab2ac44a-42cf-43dc-b4c8-9c2cb71f81c6,2019-02-23T00:14:25.926Z,LEAD
9efdfc77-1b8b-4c32-992f-73ce86fce2ff,2019-02-23T00:28:21.484Z,IC
2f2be7ae-3ec9-4e0a-a736-b8d630fe19e9,2019-02-23T01:22:01.4021875Z,IC
8681c8b5-eb90-4cf8-a1d8-727da32a1d39,2019-02-23T19:10:30.228Z,IC
54e24939-f372-4905-a628-73313087fd30,2019-02-25T20:16:55.4209999Z,IC
fd98ecf7-c7af-442c-884b-d3001d3b594f,2019-02-25T20:25:45.413Z,IC
868a8d38-c24e-4509-a212-87e29bdeb5d7,2019-02-25T18:31:00.706Z,IC
dd5e86ff-a733-494a-9659-934d756097f3,2019-02-25T20:57:05.101Z,IC
134ff585-d90e-4992-8daa-9d7b5d198d40,2019-02-25T20:39:44.872Z,IC
2d510293-a6d2-4931-85d5-d601801ee290,2019-02-25T19:22:57.8456475Z,IC
403cfa85-009c-424e-b09d-b1e15407ba88,2019-02-25T23:09:00.335Z,IC
7c8e8550-76f2-46e1-b1ec-b4601f29efd0,2019-02-25T23:33:52.719Z,IC
cae649da-95b6-467e-a181-58d5ad2d462f,2019-02-25T00:23:02.369Z,0
b652c563-e234-480b-a734-8864429148cc,2019-02-25T22:39:17.661Z,IC
7c5122ad-fd6e-4276-a7db-4255c99dcdb5,2019-02-25T21:09:16.209Z,IC
cf672f87-39cd-451c-bd96-26612108a519,2019-02-25T21:56:49.649Z,IC
5e068403-05a0-4961-8eb7-b9f242b3faca,2019-02-26T23:54:21.08Z,IC
65ea9702-8d5a-4b61-9ac6-a2f863ea4284,2019-02-26T01:31:48.011Z,IC
06695ec0-434c-46c1-a933-ac6170bdd094,2019-02-26T00:12:42.2243492Z,IC
1800a231-6720-4d82-a90a-177c1cc899ba,2019-02-26T21:48:58.479Z,IC
40d76593-4f58-4a73-82e2-5eb88514f8a4,2019-02-26T19:56:34.908653Z,IC
3daf00d8-44ac-4033-a688-efceb3ac6bb8,2019-02-26T20:37:24.92Z,IC
e2b31bc5-1c23-4a64-87ec-1bfa6d7b2926,2019-02-26T22:25:08.18Z,IC
90da2edc-7775-4930-badd-59aec734cd42,2019-02-26T03:04:21.38Z,IC
f5804fb9-affe-460b-b295-47459626647b,2019-02-26T19:16:58.9679885Z,IC
7ad99afa-90d1-4451-b10c-886c47dfb164,2019-02-26T22:18:03.827Z,IC
177cdf3d-e961-444c-9ac2-68ef267e48e2,2019-02-26T19:51:19.9710592Z,LEAD
623b525d-1e20-428e-ad72-f861b7d4aa64,2019-02-26T20:13:07.08Z,IC
427a6402-9ec1-4cc1-b311-bf138ab7f326,2019-02-26T22:49:06.516Z,IC
abf3750e-f8b3-4087-8337-d6ea387fe102,2019-02-26T21:53:50.7089353Z,IC
611c3482-dc2b-4281-952b-ac8abaeab268,2019-02-27T22:59:07.6690085Z,IC
a284e2e2-1877-4461-b949-05ec7cac9bb4,2019-02-27T21:22:11.2168938Z,0
a26dbc77-2954-4214-adb4-94ced73a6986,2019-02-27T22:51:47.2660495Z,IC
7bb8833c-8a48-4a17-a6bb-e56ce5c07ee4,2019-02-27T01:32:16.8557493Z,IC
46768558-d9b9-474f-bcfe-0b7c88d3fd50,2019-02-27T00:15:37.0989957Z,IC
96aa4dad-03af-44c3-b2d2-595bac7dd6bc,2019-02-27T01:38:50.797Z,IC
c8238953-143b-4947-ba37-b9b96f07ede9,2019-02-27T14:53:12.404Z,IC
2cde336e-b5b0-4ea2-b68a-5826cbe81619,2019-02-27T19:59:46.924Z,LEAD
5ecb4227-d6e5-4213-ad76-fc5d4047d507,2019-02-27T04:10:13.867Z,IC
d8330cc2-22ca-46e2-80a0-f43d1a3c0b76,2019-02-27T23:41:28.7968184Z,IC
2fbb5486-9399-4c14-9d05-e371e5402efe,2019-02-27T20:28:44.663Z,LEAD
9d44954f-b5a1-4e7e-9c30-dc30eda51720,2019-02-27T21:52:53.795Z,LEAD
cccecab9-2f5d-4256-baad-68ea39439609,2019-02-27T06:26:50.896Z,IC
24bf89b1-1583-4bbb-aee2-c4189732d631,2019-02-28T20:37:09.856Z,IC
4a4c802f-4bbb-4cea-b491-942133a47d24,2019-02-28T13:08:07.39Z,IC
9d0cb48f-bcb5-459a-8fca-3a29524c9f7f,2019-02-28T09:15:23.35Z,IC
739efd0a-15ec-4c4c-a66a-6c815cdcbb47,2019-02-28T01:45:21.347Z,IC
aa0f0d82-07b7-4455-ae3c-6753e73e702c,2019-02-28T02:20:06.248Z,IC
330d1e5f-580d-4192-8b70-89deaad3cb27,2019-02-28T22:55:07.2632036Z,IC
89310e92-3f48-43a2-95bb-9b490d9f6d6c,2019-02-28T00:24:04.099Z,IC
fb60b915-ec6b-4702-b046-1b7a20b276a7,2019-02-28T22:23:08.638Z,IC
0fc8cab3-ed63-47e1-ab42-e935cce6fc19,2019-02-28T22:18:45.942Z,IC
b98ab0a5-5e3d-4e29-b527-7b4d2afaece2,2019-03-01T23:15:11.286Z,IC
45b717c9-7836-4849-b377-fde84902a084,2019-03-01T23:11:10.0170177Z,IC
807e3aeb-7925-4230-a299-992b1f1ddfb9,2019-03-01T17:55:16.256Z,IC
547edcf8-efa1-4d85-ab35-fc7e35d49221,2019-03-01T23:08:59.142Z,IC
672001d9-c557-4db5-82a6-0986474ffff5,2019-03-01T21:18:31.442Z,IC
a9db13a0-3b9b-4d2f-b0cf-2a85938452f2,2019-03-01T00:44:13.165Z,IC
a205722d-ad8b-4784-a72a-f22c5283a3ee,2019-03-01T23:22:49.155Z,IC
9265c695-289a-4f26-b700-14975a269542,2019-03-01T20:58:45.441Z,IC
390abd2d-3da0-4f04-ae35-8a6c6a71391b,2019-03-01T00:41:15.2957528Z,IC
1f57e3be-72c5-4144-8f14-4d534a9ddc91,2019-03-01T21:58:32.63Z,IC
e871f92b-e0dc-4247-b299-b6554e904cfc,2019-03-02T03:09:18.929Z,IC
18bddce7-d37c-418c-b022-3beb3579661f,2019-03-02T00:56:50.605Z,IC
9016558d-f989-43d0-81fe-268ff62ab576,2019-03-03T19:18:08.1428358Z,IC
a786990a-e535-455c-b1d8-9f8114c70d65,2019-03-03T19:18:09.438Z,IC
9415fced-d7a6-445a-96f0-46dc0aeb7d9e,2019-03-04T18:32:17.528Z,0
7f99e1e4-fa4c-48c1-a225-991222c4e32a,2019-03-04T20:05:16.584Z,IC
0235dd33-6af0-49d3-9040-c7605c501f42,2019-03-04T21:49:26.164Z,IC
b3600a7c-5b0b-4710-84ac-1db5505269db,2019-03-04T20:15:50.459Z,IC
19f562eb-6ee9-4967-8fa7-9e4b29fa06c8,2019-03-04T21:47:50.1533642Z,IC
2dff17e9-fe93-4a93-8224-a0ee8bffa5b9,2019-03-04T23:49:06.553Z,IC
da7de89e-8c0a-43c1-b9d2-439fe98882d2,2019-03-04T18:09:14.426Z,IC
5db67c76-3053-4ea1-b3dd-b3686b722b55,2019-03-04T18:13:17.657Z,IC
f04d7c1b-93ea-4a50-9b5e-cb7b3c1c2eff,2019-03-04T22:12:53.574192Z,0
a4fdfa26-ec84-432c-a886-3c7b31c11316,2019-03-04T23:22:49.86Z,IC
56ab5a35-3368-4529-8306-63d4b390ce12,2019-03-04T21:50:44.486Z,IC
4b18afc3-479e-4893-bb1b-6621d12a797e,2019-03-04T18:46:44.1387853Z,IC
5fe4b0c6-7e24-429d-8477-dd4dcb71a0d3,2019-03-04T23:40:32.888Z,IC
82fed571-c830-4a5d-afa5-6ca39566d123,2019-03-05T01:24:42.879Z,IC
bf64ce0b-f939-4624-9517-ea1cb51a96a4,2019-03-05T09:41:44.216Z,0
72162d00-07c5-4fd8-84d3-b2e189ad35ad,2019-03-05T00:00:29.99Z,IC
fc821283-28ec-4b40-8b66-0e33d0ec3412,2019-03-05T17:31:02.023Z,IC
fab424c2-95c7-49b0-9083-54918e41d4c9,2019-03-05T23:55:46.773Z,IC
cc8990b0-2587-428e-85a8-4c265814154a,2019-03-05T18:46:29.283Z,IC
3a4e9630-45dc-4546-a095-ff5cd9e72ab7,2019-03-05T17:31:16.606Z,IC
43923094-17b8-4fac-96a1-43ae3909ba85,2019-03-05T23:42:21.029Z,IC
7bbf9f68-2d99-40e0-b5c6-206e90a89a87,2019-03-05T21:14:56.743Z,IC
dcb397ad-63dc-4fbb-8b3b-df695bfcf654,2019-03-05T01:09:12.8747004Z,IC
75424832-276c-418e-a8d3-ea2660f7fbe9,2019-03-05T21:26:50.899Z,IC
c43df907-54af-4f7a-8b77-ee6d4ba826dd,2019-03-05T01:17:49.513Z,IC
6c6c3d46-d824-406a-b9dd-099e5f634d83,2019-03-05T23:58:25.46Z,IC
f1118c27-f5f3-4ded-8345-c241e05549aa,2019-03-05T18:43:55.676Z,IC
0196808f-05b8-4c4d-9c18-f4f15d133599,2019-03-05T20:24:35.82Z,IC
afdf2748-1995-4083-96b4-9ee322427b36,2019-03-05T00:47:21.9888321Z,IC
a10f3ffa-a694-4cfd-a5fd-d88981b0f6ff,2019-03-06T23:29:00.139Z,IC
5081054d-8811-45f1-afb7-17967019c0bf,2019-03-06T19:36:27.526Z,IC
fc71a1a7-fdd9-44c6-a5c8-ee86f468724e,2019-03-06T21:29:15.0918665Z,IC
2f469caa-ec7d-4d2e-8480-c8cec70c3469,2019-03-06T18:27:46.528Z,0
d374f6b5-f530-4035-bf6f-fc4d289f7bb0,2019-03-06T22:54:08.204Z,IC
85db4954-348b-4a52-8cfc-4ad6f166a513,2019-03-06T00:01:29.6469494Z,IC
898fbab5-9842-4186-835e-c72212ad92a2,2019-03-07T03:22:14.07Z,LEAD
b98ab0a5-5e3d-4e29-b527-7b4d2afaece2,2019-03-07T21:17:14.9984496Z,IC
d40ff127-c8ab-4c0d-918c-3d42ea6fc8c9,2019-03-07T00:05:30.403Z,LEAD
f4bc73fb-7b22-406a-a82a-a029c241308b,2019-03-07T19:19:08.224Z,IC
bfb78632-7338-460b-b5d7-41c58df0a2c5,2019-03-07T18:53:35.92Z,IC
7a085593-3f43-41c8-bf60-6ba322afb448,2019-03-07T23:03:22.474Z,IC
c841e686-040b-4b36-ac13-053fd94470df,2019-03-07T20:26:35.287Z,IC
a4dcec99-6ca8-4c4f-8b6f-6b78a4d2be53,2019-03-08T20:46:03.4483392Z,IC
87ebd58d-8195-4d7e-ae25-56585c4b6782,2019-03-08T22:43:21.537Z,IC
312b8165-773a-4dfb-86c0-9b6831eab794,2019-03-08T03:06:00.04Z,IC
3f0fd6ac-db3c-46ed-aa25-f3520f24cfb1,2019-03-08T00:13:45.244Z,IC
fe4db341-3a13-42be-a271-a1fbc4f573e7,2019-03-08T19:07:48.79Z,IC
d677d946-dbc4-43c3-bbca-0e9a98808fb9,2019-03-08T18:27:55.347Z,IC
85db4954-348b-4a52-8cfc-4ad6f166a513,2019-03-08T21:50:27.1668235Z,IC
eeea1d52-3435-415e-b99f-c6013a6aa11c,2019-03-08T10:19:55.6Z,0
a10f3ffa-a694-4cfd-a5fd-d88981b0f6ff,2019-03-11T00:14:57.8849706Z,IC
1a35bad3-e667-4dc8-8256-8a5173869ed2,2019-03-11T21:50:22.942Z,IC
3824da82-eec2-4f21-a055-0dcd72b64431,2019-03-11T20:28:59.381Z,IC
0bb3b395-3f76-4c10-ba20-2427f85f9082,2019-03-11T22:46:56.492Z,IC
7cec0041-4026-4616-9142-cc75c7e9afc9,2019-03-11T21:39:17.4121386Z,IC
29582990-a5de-45d3-9c6c-e14f36131aae,2019-03-11T21:18:08.269Z,IC
312b8165-773a-4dfb-86c0-9b6831eab794,2019-03-11T18:32:18.04Z,IC
293b570e-58ea-4eca-95fe-a8440c97d6ff,2019-03-11T20:08:17.489Z,IC
f709aac0-1fed-4105-a522-9883689b1c51,2019-03-11T18:53:48.203Z,IC
b7df284f-2c89-4224-96e8-971240a4f934,2019-03-11T17:42:09.649Z,IC
9e12fdde-4bb3-40ea-97ac-f066c68fd84e,2019-03-11T17:32:42.87Z,IC
0fb096e2-a532-4465-83d5-2eea9738cfbc,2019-03-11T22:45:55.4Z,IC
6bc0eab2-9f4b-472a-973b-751fd555bdd2,2019-03-11T22:41:16.866Z,IC
41b24c7e-dbee-4c1a-937f-4567f8cc135a,2019-03-12T16:46:26.243Z,IC
a2df0c0e-1196-4fcf-8a92-158f38cfb38e,2019-03-12T21:05:58.561Z,0
95ef460d-9fea-479c-b820-73d12dd06e4f,2019-03-12T15:36:57.6385976Z,IC
9dd2aec8-3c28-4e92-a4a7-9bc8c50036bc,2019-03-12T20:16:43.1347748Z,IC
2600e8ff-6f21-4d8e-a800-2561e7674ca4,2019-03-12T19:31:03.552183Z,LEAD
ac29a148-8d00-469a-b728-2b106784cd99,2019-03-12T17:12:52.56Z,IC
ccd56888-f924-4f0e-993d-842c09afc0c8,2019-03-12T23:40:19.442Z,IC
2bc6b8f1-2c2f-4666-b8a5-7d2a8060e9c3,2019-03-12T22:11:50.297Z,IC
6506f168-f2a0-405c-845c-1ade7f064e55,2019-03-12T21:02:57.752Z,IC
45f57d62-d8d9-4332-b999-1949da001fe1,2019-03-12T05:20:52.191Z,IC
36eea2ca-d4ea-41ec-983f-5833353cbb82,2019-03-12T23:47:05.419Z,0
f9569a6d-c295-4905-b423-f4a8517b6361,2019-03-12T21:45:25.6937957Z,IC
0b9fe160-eeec-4511-8bcc-5e376bc5c8fe,2019-03-13T21:52:43.9089369Z,IC
f8217dca-05d5-434e-b001-fade24c26576,2019-03-13T00:16:54.891Z,IC
ccd56888-f924-4f0e-993d-842c09afc0c8,2019-03-13T18:44:45.5101349Z,IC
c021e370-22bc-498d-b803-95e2c5674ff6,2019-03-13T19:54:42.1784685Z,IC
47cfd2a0-050f-4b72-98eb-edaa2133f3ec,2019-03-13T22:05:00.272Z,IC
205ffd79-adea-416d-8457-e772c9b6ed18,2019-03-13T14:53:43.095322Z,IC
205ffd79-adea-416d-8457-e772c9b6ed18,2019-03-13T14:42:01.2899119Z,IC
7e2e2e07-4385-486e-aad9-7e95c81b588f,2019-03-13T00:37:09.982Z,IC
b7b58baa-5af5-451c-a693-b3660a7a9531,2019-03-13T17:22:26.023Z,IC
3483184d-a9cf-4669-a993-c9c1e1d526ad,2019-03-13T20:18:55.076Z,IC
dac64e00-5d16-468f-8c39-17ac8fc72e76,2019-03-13T01:50:34.387Z,LEAD
d247ae5a-39b9-4d17-87f1-b95eeff96b43,2019-03-13T20:06:11.51Z,IC
ca810863-d163-4284-ba74-8cb069fb9d24,2019-03-14T21:07:29.45Z,IC
45b717c9-7836-4849-b377-fde84902a084,2019-03-14T20:40:55.712Z,IC
8a966641-47fe-4c73-bda4-cb2a4e5e6cae,2019-03-14T19:53:41.593Z,IC
3bdead1c-fb46-4d2d-a7f3-0286587f07c5,2019-03-14T21:48:40.547Z,LEAD
738154f4-4ecb-479c-bee1-2864fb38a397,2019-03-14T19:12:57.49Z,IC
60ea0d3a-f827-4e03-abec-bd3ca2066a48,2019-03-14T22:42:13.43Z,IC
2474e12e-c04d-452a-8a2a-7a19175e786e,2019-03-14T20:43:22.786Z,IC
95fcb98a-3234-453c-87b3-eda90bea33fd,2019-03-14T00:46:06.5637439Z,LEAD
f3e26c87-c5a2-4427-a27e-237541e69f0b,2019-03-14T20:29:53.315Z,IC
104f57a5-dee3-4154-a49a-3eb0e3e8a38a,2019-03-14T23:36:56.07Z,IC
9ed46fc7-71f0-4eb0-bfcd-86d0d258d328,2019-03-14T17:13:29.45Z,LEAD
9ed46fc7-71f0-4eb0-bfcd-86d0d258d328,2019-03-14T19:36:53.0936845Z,LEAD
048d0c66-4b5c-436d-827a-ac857ee8338e,2019-03-14T00:14:53.758Z,IC
d9cc9cb9-a489-44d7-8d8b-107b8c8f2225,2019-03-14T23:11:26.121Z,IC
335346be-edde-4cca-aa91-38853a095a5a,2019-03-14T18:50:39.362Z,IC
61f770f2-2175-4f61-a8a2-019bca0379f1,2019-03-14T20:55:57.774Z,IC
ada84f98-1d33-476d-ba64-9d85ed86f2e7,2019-03-14T18:01:27.1717379Z,0
307a91be-3431-4199-bdb5-484bd7e8c695,2019-03-15T22:33:47.851Z,IC
59c96abe-45e3-473f-9f73-a7f5f7b28349,2019-03-15T21:51:07.18Z,IC
394c5a90-5626-48a6-b158-c71f8b88c86e,2019-03-15T04:26:14.611Z,IC
08011cba-6981-4007-a53f-06076a734fd6,2019-03-15T18:39:15.489Z,IC
72f24371-9405-4acc-81d9-ead7318f0c5e,2019-03-15T17:50:41.1336688Z,IC
2f2be7ae-3ec9-4e0a-a736-b8d630fe19e9,2019-03-15T17:54:56.049Z,IC
f2b6cab1-466f-4ed6-8aed-10ac4bafcdec,2019-03-15T17:35:00.032Z,0
05f220f0-8a7c-439b-97cc-847838d64d2b,2019-03-15T01:02:36.482Z,IC
c5a74e90-69da-4eb5-a235-cc8561906fba,2019-03-15T17:05:03.756Z,MGR
0c8c330a-bc3e-4459-a506-8960dacbccda,2019-03-15T21:14:45.376Z,IC
ea65a486-d6c8-4133-88eb-4f33fe53b5f0,2019-03-15T19:31:40.863Z,IC
36651294-19b0-4e11-94ee-da7b826bcfe6,2019-03-15T00:45:10.634Z,IC
6dc3770b-0253-47ca-9ef9-5495689127c9,2019-03-17T01:51:12.842Z,IC
b0fdd8ca-335e-4196-a98f-07a2b8e8be09,2019-03-18T20:21:37.7958736Z,IC
9370f78c-fc99-4448-8f88-82295d36ef79,2019-03-18T19:50:38.37Z,IC
dc7ffecd-0066-4556-ad46-1e64d4ca33e4,2019-03-18T18:41:02.7472635Z,IC
4c53d3c5-6bac-4ebd-9f98-cc273a438704,2019-03-18T20:15:36.1428483Z,IC
39bb03ad-ea16-4c0a-9b0c-9655fab8c5c3,2019-03-19T23:55:08.975Z,IC
52b71d2d-20c5-4697-a161-62096711ecca,2019-03-19T18:32:39.365Z,IC
0db61cc5-e3ef-4daa-b610-4ad1e2df5b99,2019-03-19T00:12:38.166Z,IC
681c7ad1-3ce6-448d-a809-6fb9ffd5f1f4,2019-03-19T09:11:54.517Z,0
9daef920-d362-4836-b251-345067a5ba3d,2019-03-19T23:42:05.513Z,IC
d8437917-701e-4a34-8061-843acdec51df,2019-03-19T18:04:01.114Z,IC
4b968f80-debb-4d8f-a071-8e98b3259574,2019-03-19T10:26:37.992Z,IC
2520041d-b20f-446d-988f-f7e5ef7633df,2019-03-19T21:15:34.3387703Z,IC
394c5a90-5626-48a6-b158-c71f8b88c86e,2019-03-19T05:39:11.415Z,IC
b9dc4dcc-9a5c-4248-8c92-860802df3f73,2019-03-19T19:52:48.006Z,IC
f9c12c89-04c2-4846-8b32-bef6f124e411,2019-03-19T20:49:36.546Z,IC
fc43d353-db19-4b3f-a66d-d5cff78410f5,2019-03-19T10:30:59.3087906Z,IC
5d7a5a23-6e59-4d0b-ae14-bd193fee63d1,2019-03-19T18:45:55.999Z,IC
1ae30cdf-f013-4f29-aa58-1987ab89f107,2019-03-20T00:03:46.931Z,IC
fdd07167-74ac-4c6f-828f-1c45b4a07c33,2019-03-20T22:01:11.333Z,IC
c5ee779f-347e-47bd-9705-8c65ecafa2e9,2019-03-20T18:04:46.5788639Z,IC
247150be-6fc9-4598-8ea4-f18e66e9ec10,2019-03-20T03:35:12.864Z,IC
8323d6cc-abed-46ed-b81a-191a4704c0ba,2019-03-20T22:35:14.574Z,IC
165b92ad-a64a-4258-b3b5-b3c9f4c4ede2,2019-03-20T18:04:06.58Z,0
c400bad1-81b5-4ded-acf7-de907014a466,2019-03-20T00:32:35.85Z,IC
0a025e24-2766-442b-a1a1-787a620930bb,2019-03-21T20:29:56.704Z,IC
b5492add-897d-4c83-8e23-053d8f0e9676,2019-03-21T21:32:16.869Z,IC
89573a3f-0758-4b7f-b0d2-e880754286c0,2019-03-21T21:46:12.9Z,IC
b7ae2c54-7632-497f-92be-cc225fa707ca,2019-03-21T01:25:42.3405724Z,IC
60030df3-05c3-4330-8602-74fd67b9e8d8,2019-03-22T16:26:46.952Z,IC
113d028e-86d6-46fc-a74b-cc0a294f6633,2019-03-22T16:51:45.6762073Z,IC
9ae24b8b-d61a-4310-b7dc-1db933ba3c0d,2019-03-22T16:26:46.2814924Z,IC
c1fbfee9-bcfc-402e-aa5b-28720b90bb7d,2019-03-22T22:41:16.2923862Z,IC
55a53ab5-64eb-41c2-b7d0-292ff8c8612d,2019-03-22T22:34:17.1806124Z,LEAD
2723db3e-04f6-4e5b-8d04-67247b7d2002,2019-03-22T05:33:48.148Z,IC
abb9e8c5-8079-4587-9cc8-1d15ee868dc1,2019-03-23T22:35:59.443Z,IC
e7d72b03-e9cc-4dfa-84a5-6c073892cc31,2019-03-23T20:57:37.911Z,IC
bffa9c14-c1f6-432d-9500-9856e49613c9,2019-03-25T23:29:48.7204923Z,IC
6360c849-164a-4b62-aaa2-f0652309fd74,2019-03-25T21:39:59.569Z,IC
dc988bc4-4b08-4bc1-b6a2-3faa3063b971,2019-03-25T20:54:30.422Z,IC
8a966641-47fe-4c73-bda4-cb2a4e5e6cae,2019-03-25T21:33:02.676Z,IC
9d0cb48f-bcb5-459a-8fca-3a29524c9f7f,2019-03-25T05:35:36.978Z,IC
679bc824-706c-4649-a7b4-29a84b92a432,2019-03-25T19:20:19.845Z,IC
7110255a-dc0f-4e05-ba8d-b13cfe6676c4,2019-03-25T19:23:16.8735774Z,IC
76a19d8a-d9fd-413a-9570-ebdc78555f4c,2019-03-26T17:56:50.195Z,IC
d141d1b9-a4c1-4a66-9b9d-8945dfa09331,2019-03-26T16:43:16.0528476Z,IC
097a158f-9a8e-4bc9-90bd-0eb6c3d53547,2019-03-26T01:05:01.058Z,0
1bd96ca6-4c2c-4d40-af82-2b5a08e886bc,2019-03-26T21:15:50.176Z,IC
add63971-fbd8-4859-9070-787f2549fec9,2019-03-26T00:23:30.958Z,IC
fc5fa73e-70d2-4ffe-91bf-65b2c8a136f3,2019-03-26T03:00:52.0544043Z,IC
fe99641b-82cc-46a4-98ce-3095c51f4853,2019-03-26T22:31:48.69Z,IC
2dc4f5ca-4b3a-457e-9ca0-4ef8a8ec49d2,2019-03-27T10:35:37.238Z,IC
b3a64a21-5b7e-4903-8bb5-557c7cc5e225,2019-03-27T19:05:34.429Z,IC
b3a64a21-5b7e-4903-8bb5-557c7cc5e225,2019-03-27T15:47:17.8556525Z,IC
a5d4095b-e4b8-4949-817c-93f219042cb2,2019-03-27T20:35:24.472Z,IC
75c68376-54ac-42a5-87ec-f5b9f242d9aa,2019-03-27T16:16:20.753Z,IC
ce2431ad-63bb-41d0-81c5-2449aed8b5b4,2019-03-27T02:23:43.079Z,IC
3ffaccaf-888f-423f-a936-3e674300c429,2019-03-27T22:44:33.056Z,IC
ab6412c1-1dcc-4282-9697-8f28a485d52c,2019-03-27T23:31:49.8768711Z,IC
f34dc392-998c-48cf-aa90-ca5838fdbb26,2019-03-27T14:43:46.419Z,IC
9fa30bef-94f7-4b20-bc21-cc9fb29f2b65,2019-03-27T18:12:09.78149Z,IC
4344a109-eb82-497d-9e6d-afc3caffd875,2019-03-27T15:37:31.168Z,0
d7175237-d280-489d-bb80-05424cff3068,2019-03-28T07:10:48.253Z,IC
75a7515a-8cc6-40ca-a71e-ac01c6f317ed,2019-03-28T00:28:36.078Z,IC
c43df907-54af-4f7a-8b77-ee6d4ba826dd,2019-03-28T18:28:00.5973228Z,IC
16d4617f-edde-4c46-81f1-6ada96ed8f9a,2019-03-28T20:21:07.997Z,0
92d2c09e-929b-4a2f-9d97-d0492696cdfe,2019-03-29T11:50:14.5872659Z,IC
467bf373-8d00-42d5-a01f-a45986791cb5,2019-03-29T20:57:26.908Z,IC
467bf373-8d00-42d5-a01f-a45986791cb5,2019-03-29T20:43:06.1158229Z,IC
bb426ff7-f348-4fab-8bc1-23b4be6e2628,2019-03-29T02:03:12.5964492Z,IC
95d9b264-0b3c-4eee-b4a0-e5bdcaac9944,2019-03-30T00:49:42.997Z,IC
fe776df2-c78f-4944-b3c2-7cc699893aac,2019-04-01T20:25:35.336Z,IC
8b0f3bb4-6aea-4144-bee0-de1da45aa172,2019-04-01T22:46:21.5828558Z,IC
de357435-9239-4b68-9f61-8873a556e866,2019-04-01T22:34:36.483Z,0
63cbe51b-f7b7-4f05-8bc1-23561610b33c,2019-04-01T22:55:31.767Z,IC
478a2a9a-b944-48ce-acc1-732940c97f28,2019-04-01T17:38:57.092Z,0
9c2aa906-e413-40b9-8694-e03ee6e29e11,2019-04-01T17:08:17.454Z,IC
a35f66bc-40e6-4da6-bd61-7ab6d7b121a8,2019-04-02T18:00:07.574Z,IC
5edee988-d53e-47b9-a939-349e03761ae9,2019-04-02T20:45:20.53Z,IC
330d1e5f-580d-4192-8b70-89deaad3cb27,2019-04-02T22:39:49.915Z,IC
57d0721a-581c-4596-8d37-353b24e05d1b,2019-04-02T18:27:37.479Z,IC
fe518b02-8384-4be1-8d6b-79fe5b95ce9c,2019-04-02T01:03:43.834Z,0
953dc570-a536-4333-b29a-07d79ba6b193,2019-04-02T06:32:47.632Z,IC
356dae2e-2726-44b6-b5a8-3e808ddf6936,2019-04-03T03:42:19.776Z,IC
82fed571-c830-4a5d-afa5-6ca39566d123,2019-04-03T15:01:44.3953569Z,IC
3897af98-4487-444f-8689-395d858059c8,2019-04-03T19:16:03.817Z,IC
8e3fb3fd-47b2-4407-b423-42b4ee5c2894,2019-04-03T02:19:06.486Z,IC
c9ed91dd-e15f-40eb-abc0-f9990c88b2a3,2019-04-04T17:46:10.706Z,IC
40e5a2c4-75df-4035-ae27-fca40586d6ff,2019-04-04T01:15:03.166Z,0
ab24477e-8bcc-41ab-ac9f-0dfd5775600f,2019-04-04T17:20:02.174Z,IC
3330a1a3-7668-4fad-87b4-8596504f6365,2019-04-04T18:37:03.957Z,IC
6b920006-2d58-4452-ac8f-f138659e56cb,2019-04-04T17:21:32.927Z,IC
e3a7e758-d065-47a3-964b-8b10826cdad3,2019-04-04T22:17:49.172Z,IC
89573a3f-0758-4b7f-b0d2-e880754286c0,2019-04-04T18:59:17.3119881Z,IC
6efc3b8d-5697-40f0-8383-6c18eae4d0a5,2019-04-04T14:26:32.329Z,IC
ffa0ca03-3441-47b2-90fd-5b2df93b04af,2019-04-05T21:23:50.61Z,IC
26bbeea1-ac0f-443c-9d65-cdd0d892d811,2019-04-05T18:47:32.083Z,IC
cc2bd2cd-3959-428d-b370-ec84154b783a,2019-04-05T23:58:50.0087207Z,IC
de8dad07-bd79-45b4-b744-ba827e3f1dbe,2019-04-05T20:16:56.781Z,IC
e90fc56d-1950-4fec-b253-fc923b04a04b,2019-04-05T17:35:25.198Z,IC
6ed2dbdf-4995-47f5-8912-047607d2c6a8,2019-04-05T17:08:49.195Z,IC
fe99641b-82cc-46a4-98ce-3095c51f4853,2019-04-05T04:30:15.023Z,IC
c5e1ea00-202d-4e13-a047-8db9de544ed0,2019-04-05T19:01:49.39Z,0
5b691e20-f4f5-4e77-89ec-f2796e87ba75,2019-04-08T23:12:18.746Z,IC
610bb4fe-ef97-42ef-ac9c-b673ceed7622,2019-04-08T19:23:22.404Z,IC
fc5fa73e-70d2-4ffe-91bf-65b2c8a136f3,2019-04-08T22:48:12.021Z,IC
2574d50a-0040-4d4d-919d-c05040f4ef52,2019-04-08T21:51:45.0937998Z,IC
773e1709-130c-4954-94b6-6203ed17534c,2019-04-08T19:59:23.9608802Z,IC
bf6de77b-3fa7-4d30-a64d-0fd2dd4db4b7,2019-04-08T07:59:41.874Z,IC
3c4a3352-53ea-4367-94b5-560a5bb4686b,2019-04-09T00:35:26.656Z,IC
3c4a3352-53ea-4367-94b5-560a5bb4686b,2019-04-09T00:25:46.2960329Z,IC
ac0a1b3f-29a9-4acc-9b9c-0a9fba36c42a,2019-04-09T21:43:51.415Z,IC
779e7685-32c4-4230-9552-d5e38425aeb7,2019-04-09T18:08:54.474Z,IC
aab1bcad-69a7-42f9-8e18-846d62101390,2019-04-09T17:36:15.989Z,IC
1a444b0b-6f95-4e8b-a287-507fef59f8c4,2019-04-09T19:49:36.22Z,LEAD
5e6fe5f5-a1a0-4b14-89f6-d96a3cdf7e0d,2019-04-09T14:46:49.1337039Z,0
f48356d0-7f75-4250-9806-6fa4cbc4efb2,2019-04-09T22:16:31.397Z,IC
0c068ad4-18a4-4dbe-b634-50561b1901a6,2019-04-09T18:36:10.9367306Z,IC
27cd157b-5487-4e1a-b7df-b53031ef53ff,2019-04-09T09:41:20.022Z,0
05dbbf04-0a59-46e7-8627-c1f4fa1a7c2c,2019-04-09T17:12:27.854Z,IC
02c15c9d-4239-43cb-80af-bda37afa47df,2019-04-09T23:33:34.432Z,0
670bd1fd-9eb7-48dd-9254-b81a4be0fec7,2019-04-09T04:50:42.27Z,MGR
d20c5483-f43c-4965-a584-1ccbd20966a7,2019-04-09T21:10:07.4049618Z,IC
d6deb9b5-e63f-41fd-9202-d788550a497e,2019-04-09T00:07:11.2278913Z,IC
c7eee11c-d971-4802-9d2b-ce1aa803c5d1,2019-04-09T21:52:50.954Z,IC
10681fa9-d78b-4c1c-a459-c973f4cb5878,2019-04-10T19:29:36.64244Z,IC
03b4fd9f-a698-4839-9963-dc90935e9612,2019-04-10T18:12:06.94Z,IC
95107938-4c21-4bc3-a82a-6916363e7e39,2019-04-10T15:11:48.671Z,IC
1490c1c1-ada1-487b-a110-89646fa651b6,2019-04-10T19:31:16.044Z,IC
24b37580-bb2c-46ba-8ee7-eba89d9fe577,2019-04-11T21:30:02.932Z,IC
a634cc21-6cad-4c29-9e1f-fc0afc91bb19,2019-04-11T22:47:07.368Z,IC
7d0b44d5-879c-47f1-9395-ef29447654f6,2019-04-11T20:47:55.25Z,IC
78df6a13-25e0-4abb-8a74-321c5c59d454,2019-04-11T23:59:24.319Z,IC
d4e0d05f-f2f0-4565-b299-83d59e956921,2019-04-11T18:44:55.263Z,IC
61c6369f-d515-4cc5-8547-21a96afb12e5,2019-04-11T17:42:58.290928Z,IC
fc596089-ca15-4630-a577-ff96e1b49e8a,2019-04-11T23:56:03.344Z,IC
4c927666-fdf7-4759-8e37-346693c8a6c6,2019-04-11T23:43:10.265Z,0
4c927666-fdf7-4759-8e37-346693c8a6c6,2019-04-11T23:21:31.776621Z,0
4810a995-dc26-4def-9355-1305fe47b988,2019-04-12T18:27:15.441Z,LEAD
0c4b2750-32b6-452b-b846-2b95572b0272,2019-04-12T15:48:06.582Z,IC
b9668361-1711-44a0-91ae-2c855070e587,2019-04-12T16:47:17.4334784Z,IC
c94bdaa2-dff3-4969-ba40-7e3724fc56b6,2019-04-12T23:28:00.816Z,LEAD
9cdd998d-ec42-4954-b9b5-e51ad96f08cc,2019-04-12T18:54:01.25Z,IC
7eb5afd6-0bc4-4290-bcb0-ffeb948d761d,2019-04-12T19:09:19.5Z,0
dc43341e-3d27-4972-9393-f213fa94c3a1,2019-04-12T17:47:46.47Z,IC
371d3640-97d9-4994-8811-10f083aba61d,2019-04-12T20:41:30.8035178Z,IC
44fe9406-e2f1-46cf-86f4-16ca60cdad06,2019-04-12T21:51:32.83Z,IC
7cfb652b-2a4c-4c14-8010-34458e7094b3,2019-04-12T19:49:23.259Z,IC
51e9379d-ba3b-4b79-8706-98ec40edbaa6,2019-04-12T15:44:00.71Z,IC
51e9379d-ba3b-4b79-8706-98ec40edbaa6,2019-04-12T15:38:02.9021012Z,IC
3432c245-1d51-44e5-834b-0643d261d014,2019-04-12T22:35:03.415Z,IC
5cec943a-d687-4ff6-ad60-5dca19ac2bdf,2019-04-12T00:30:42.304Z,IC
2ca5ad5e-905e-4fd1-a3ed-0429c6a8b1fb,2019-04-12T21:09:48.289Z,IC
1d3060d4-3fba-48b8-96d0-f017a0c5a48d,2019-04-12T15:01:09.984Z,IC
c5c059b1-d783-488f-aebe-77201f0285fe,2019-04-12T21:20:18.1733034Z,IC
dff5225d-1de1-448e-8e3a-97a6c2846b16,2019-04-12T17:00:45.058Z,0
378fca32-183a-47ca-bcd2-70bfb751ef19,2019-04-13T18:52:46.7389059Z,IC
e191241e-158f-43da-8706-e452a842106c,2019-04-13T06:15:55.31Z,IC
24bf89b1-1583-4bbb-aee2-c4189732d631,2019-04-15T19:11:58.602Z,IC
76a19d8a-d9fd-413a-9570-ebdc78555f4c,2019-04-15T18:22:00.722Z,IC
00240714-0b7e-4a5d-a7c7-6c6154adfeba,2019-04-15T20:00:57.3456739Z,0
c81c5a63-5e09-4369-9478-02b8ed5e0444,2019-04-15T21:27:31.341Z,IC
47c118ec-f284-4ee5-90bd-2ca9852eaf1a,2019-04-15T18:20:23.055Z,IC
2f2ea21e-b38a-4754-a489-4047242238fd,2019-04-15T22:28:25.913Z,IC
dc43341e-3d27-4972-9393-f213fa94c3a1,2019-04-15T18:35:28.436Z,IC
1cf94a74-70f2-4684-bb8f-c51ca72e14fe,2019-04-15T01:50:56.359Z,IC
b6d49037-a59b-44d0-8be2-c166edf33b3e,2019-04-15T17:19:40.09Z,IC
b6d49037-a59b-44d0-8be2-c166edf33b3e,2019-04-15T02:21:21.066Z,IC
56c3e4b6-9cb5-435b-8865-9807c35fd073,2019-04-15T17:00:26.275Z,IC
623b525d-1e20-428e-ad72-f861b7d4aa64,2019-04-15T21:45:04.9636688Z,IC
7a1c37e1-6214-4573-8aa6-06dc75c341e1,2019-04-16T16:01:05.152Z,LEAD
6e552a8a-732d-4478-89df-1a7e65828c1b,2019-04-16T21:39:45.1393951Z,IC
203c3441-ddb6-429f-aa00-0389de7aeb4c,2019-04-16T17:18:41.86Z,IC
d3145096-4334-4ad8-a24c-c435870f2c39,2019-04-16T17:09:42.3502562Z,IC
2ef42a46-76b4-4f6d-a17c-5b1a40933287,2019-04-16T21:09:36.3484119Z,0
40e5a2c4-75df-4035-ae27-fca40586d6ff,2019-04-16T23:00:53.1297848Z,0
7703378e-aca1-4e94-8a52-e7d18f7e2221,2019-04-16T18:05:32.417Z,IC
611c3482-dc2b-4281-952b-ac8abaeab268,2019-04-16T00:25:43.538Z,IC
ef8037f5-40ab-4656-a331-7875021cedd1,2019-04-16T18:59:59.527Z,0
fe47abc1-6ea8-4bb9-9878-3876f431aac1,2019-04-16T17:51:02.746Z,IC
34791412-c890-4d69-a8bf-c44f3126f7b7,2019-04-16T20:51:10.6980122Z,IC
95fcb98a-3234-453c-87b3-eda90bea33fd,2019-04-16T00:55:50.9954692Z,LEAD
a621e9c7-19b9-48d5-8e6d-5709ee9002fb,2019-04-16T22:01:49.004Z,IC
610bb4fe-ef97-42ef-ac9c-b673ceed7622,2019-04-16T16:14:08.448083Z,IC
1c1a5b4d-40e6-40b0-bc2d-0257f86be03d,2019-04-16T22:48:22.0082749Z,IC
048d0c66-4b5c-436d-827a-ac857ee8338e,2019-04-16T21:36:58.0396019Z,IC
a1bcbebd-479e-43f2-8fe1-b354400a3c16,2019-04-16T06:05:25.712Z,IC
46c67873-605e-4aeb-b098-8df30cd825d1,2019-04-16T21:37:55.019Z,IC
25e83ae5-4481-4eff-84ea-350f386fb853,2019-04-16T21:45:10.288Z,IC
25e83ae5-4481-4eff-84ea-350f386fb853,2019-04-16T23:45:30.4488484Z,IC
0a3efdf3-8f80-4fe8-84cc-5227958b13d0,2019-04-16T23:23:42.5347178Z,IC
7327ac9b-3503-4f1e-9ae9-8ac6b0e61c37,2019-04-16T16:33:10.6434454Z,IC
98d9348f-1f46-4e53-8d86-f0b39c1b4deb,2019-04-16T20:50:30.131Z,IC
1f57e3be-72c5-4144-8f14-4d534a9ddc91,2019-04-16T16:01:41.3333138Z,IC
41c19a40-4cd3-432b-b13a-b4371613644c,2019-04-16T23:31:15.1275129Z,LEAD
0551e34b-8507-4352-84b4-ca619e98f261,2019-04-17T17:04:28.812Z,IC
7fc3d546-dc6b-4739-925e-0f3eb7f96b64,2019-04-17T19:43:34.469Z,IC
b5f1d80c-222d-43f0-833e-55b15e89b931,2019-04-17T11:24:22.6890548Z,IC
6360c849-164a-4b62-aaa2-f0652309fd74,2019-04-17T21:16:30.6681525Z,IC
1b279576-2484-423d-9db6-9753e415ecce,2019-04-17T17:21:22.0379214Z,IC
8a966641-47fe-4c73-bda4-cb2a4e5e6cae,2019-04-17T00:32:21.8693537Z,IC
5e6fe5f5-a1a0-4b14-89f6-d96a3cdf7e0d,2019-04-17T23:55:32.0727436Z,0
134ff585-d90e-4992-8daa-9d7b5d198d40,2019-04-17T20:57:46.5049763Z,IC
bdc9c5fb-5c0f-4812-9d71-7a380202fd91,2019-04-17T21:18:50.652Z,IC
23659c1f-e1d8-45cf-b28e-43c9e8d98bb2,2019-04-17T20:14:25.0222632Z,LEAD
7e4b1b0a-8f28-4997-89e6-e170a8a85698,2019-04-17T19:16:05.5973986Z,IC
7556a10a-9f89-4305-b11f-dabb320b71a2,2019-04-17T19:55:07.9946945Z,IC
2704863d-1524-4cbb-bfe3-16b695ff4570,2019-04-17T20:35:51.751Z,IC
65aacd3e-52d2-46a1-8eb2-d1e8f0887af7,2019-04-17T17:14:53.551Z,IC
116ea401-cc97-44ee-bbfa-91a59d220f57,2019-04-17T07:25:56.966Z,LEAD
427a6402-9ec1-4cc1-b311-bf138ab7f326,2019-04-17T00:24:37.9434658Z,IC
4254e195-c781-4667-8260-6944229e562b,2019-04-17T21:54:01.198Z,IC
2678f912-93da-4277-9dba-e3b3745a48df,2019-04-17T20:46:24.282Z,IC
953dc570-a536-4333-b29a-07d79ba6b193,2019-04-17T20:03:41.576Z,IC
a5aeee1a-e088-45db-80d6-bb96e95e4a24,2019-04-17T06:23:14.489Z,IC
38235c00-eeac-45c4-9e58-10807a5d368c,2019-04-17T17:44:37.294Z,IC
24bf89b1-1583-4bbb-aee2-c4189732d631,2019-04-18T15:40:08.319115Z,IC
82e0acf6-7b1d-44f5-a4e1-4c187c409811,2019-04-18T22:45:40.3327574Z,IC
d7025bb0-c1b2-4e64-a930-8fd93199be1f,2019-04-18T19:38:24.545Z,IC
1b279576-2484-423d-9db6-9753e415ecce,2019-04-18T18:36:04.873Z,IC
9f1ddb96-7f46-445b-bc13-d051159788dc,2019-04-18T22:37:00.339Z,0
a757db44-4cd5-4d03-8231-e3483245a93b,2019-04-18T21:23:14.4640307Z,IC
75d95e7f-7f59-4bc8-b3ab-b683b1f96910,2019-04-18T23:45:38.547Z,IC
8667585b-3afe-4e63-a067-3c0ea6e98337,2019-04-18T19:12:43.874Z,0
bf731000-f9b3-461c-b990-67d18f1036dc,2019-04-18T07:23:59.901Z,0
845ced47-2671-4eae-85d4-7043c1ea3000,2019-04-18T17:39:34.2959232Z,IC
d472bb37-af38-4751-8057-7ec6e04b5d68,2019-04-18T08:14:04.806Z,0
0ca70bc0-639a-4bb4-b62a-4201f583a7ea,2019-04-18T09:44:45.863Z,0
a092ac45-7700-4e9f-b95f-4bff1f941ceb,2019-04-18T18:51:18.79Z,IC
59ba1b1b-154a-40af-916a-1d30e670b9da,2019-04-18T18:56:23.193Z,IC
d3145096-4334-4ad8-a24c-c435870f2c39,2019-04-19T20:55:44.531Z,IC
279b1b45-687c-4950-a6f4-63a0f455a784,2019-04-19T23:49:09.646Z,0
279b1b45-687c-4950-a6f4-63a0f455a784,2019-04-19T23:51:10.804Z,0
1c644ddc-3f43-4c54-a219-2c4047a29cf8,2019-04-19T19:16:28.49Z,IC
7fc3d546-dc6b-4739-925e-0f3eb7f96b64,2019-04-19T23:51:59.175Z,IC
59573a7b-6cc4-486f-b27e-dbac1d2ef804,2019-04-19T20:49:41.26Z,IC
ab682e85-0f36-4219-ae5d-5e91bbcec881,2019-04-19T18:07:37.081Z,IC
92ef38c7-0b06-463a-9373-ecd013ae8b08,2019-04-19T16:29:27.3793913Z,IC
f5141a3d-c1b9-46b0-a8de-824e7e993f38,2019-04-19T20:33:46.871Z,IC
c50b2093-20a1-4f3c-8369-c6174c751706,2019-04-19T22:21:33.696Z,IC
a61c8739-93d5-419f-8712-8cac3791d625,2019-04-19T01:28:05.937Z,IC
d472bb37-af38-4751-8057-7ec6e04b5d68,2019-04-19T04:21:33.977Z,0
0ca70bc0-639a-4bb4-b62a-4201f583a7ea,2019-04-19T08:59:20.471Z,0
b9e76adb-fe55-4171-acb3-e68f2ce0afee,2019-04-19T16:18:14.764Z,0
2330bc68-810f-453c-9408-d2bd2afa3e7c,2019-04-19T00:43:01.585Z,IC
47436a95-b9e1-4b9f-83e1-035b639ec964,2019-04-20T05:38:02.5202943Z,IC
ccf2b7cb-4e73-4c87-ba82-f2677132e391,2019-04-22T22:34:42.219954Z,IC
cab682b2-6a08-4ee5-93da-29c9de8b1756,2019-04-22T20:28:11.6762709Z,IC
8a966641-47fe-4c73-bda4-cb2a4e5e6cae,2019-04-22T19:04:39.7796253Z,IC
0160a331-3b3f-4e5b-ad4e-bb469c181073,2019-04-22T20:44:34.592Z,IC
73b722b4-cb69-44bb-93aa-7e303aa38635,2019-04-22T14:44:07.726Z,IC
c6e45c57-1354-4001-bb65-1988833aff34,2019-04-22T20:14:33.687Z,IC
c6e45c57-1354-4001-bb65-1988833aff34,2019-04-22T19:54:21.7590483Z,IC
1f94d80f-6d1d-483f-99ed-041fff791ccb,2019-04-22T16:54:55.49Z,IC
5e6fe5f5-a1a0-4b14-89f6-d96a3cdf7e0d,2019-04-22T20:19:31.8348272Z,0
5e6fe5f5-a1a0-4b14-89f6-d96a3cdf7e0d,2019-04-22T20:25:49.6672352Z,0
e79f5fde-d040-46d5-8b0d-d605584174da,2019-04-22T23:57:05.406Z,MGR
f04d7c1b-93ea-4a50-9b5e-cb7b3c1c2eff,2019-04-22T16:41:25.554Z,0
031ec40c-0c16-45c7-858d-d292ac754894,2019-04-22T18:44:57.8294872Z,IC
830ef9d2-c373-4a6e-9c3a-889d7369acb6,2019-04-22T20:13:33.7001638Z,IC
d472bb37-af38-4751-8057-7ec6e04b5d68,2019-04-22T06:29:26.55Z,0
0ca70bc0-639a-4bb4-b62a-4201f583a7ea,2019-04-22T06:32:57.801Z,0
45f57d62-d8d9-4332-b999-1949da001fe1,2019-04-22T20:28:44.766Z,IC
fa4cfeb4-8b18-48ba-b742-13b3f38e9ba4,2019-04-22T05:59:26.514Z,IC
ecacb771-8a03-4fe4-b6cb-8ce9155ca193,2019-04-23T18:43:28.425Z,IC
f89aa789-978e-470a-8bb7-e9c44c450847,2019-04-23T21:09:30.054Z,IC
c3bf779a-248d-4791-8142-59358cdd6100,2019-04-23T17:03:42.411Z,IC
7de7440a-7301-4c97-b1ca-94af702c0712,2019-04-23T20:16:07.5359542Z,IC
a050a3de-569a-49c7-a467-7b5c3ec331c4,2019-04-23T22:37:27.974Z,IC
7ca03320-205f-4965-8231-bee6fb8d16a0,2019-04-23T21:22:49.294Z,IC
7ca03320-205f-4965-8231-bee6fb8d16a0,2019-04-23T22:19:17.1040941Z,IC
6111c6d1-ce0d-48bf-a981-1a23f027873e,2019-04-23T15:14:08.1841791Z,IC
143d4c6c-c2cd-4f5a-9948-7211c4579584,2019-04-23T20:19:14.214Z,0
e44bc174-3b46-48c9-8699-ea444713028a,2019-04-23T13:10:44.586Z,IC
8973f082-f3ee-4ca8-b60c-797a6ec2647e,2019-04-23T16:26:20.957Z,IC
d1b455d1-92ff-4f3b-b67e-3e600db0959d,2019-04-23T22:04:54.8336368Z,IC
ad19cb03-ce72-4ca6-bd4f-a257a49f200e,2019-04-23T21:32:07.674093Z,IC
74441ca6-3fc4-42df-b511-d4a60fa94c85,2019-04-23T19:17:09.3299951Z,IC
4a367c5d-d898-4f02-a68b-b2d7a42dcc41,2019-04-23T21:34:54.915Z,IC
23e5bd26-6592-401e-8d60-c285bc6fae01,2019-04-23T23:27:07.892Z,IC
a6302ba5-986b-4e1b-9ceb-12fe6de37d51,2019-04-23T09:59:46.614Z,IC
ec3d79c7-bf3e-4ed6-a03e-8f2ebeea6f29,2019-04-23T22:05:10.43Z,0
9062242f-cb2d-4338-9c93-2c7694cad2ba,2019-04-24T23:24:59.837Z,IC
f89aa789-978e-470a-8bb7-e9c44c450847,2019-04-24T23:59:49.23Z,IC
c81c5a63-5e09-4369-9478-02b8ed5e0444,2019-04-24T22:26:30.1537931Z,IC
394c5a90-5626-48a6-b158-c71f8b88c86e,2019-04-24T21:23:15.572Z,IC
a9db13a0-3b9b-4d2f-b0cf-2a85938452f2,2019-04-24T16:38:03.0349106Z,IC
9bb64e6f-5b11-404a-9551-9646ad23430f,2019-04-24T20:43:51.553Z,IC
75055f4f-1437-4b16-bd11-834a8bd51c11,2019-04-24T20:50:12.925Z,IC
6fd9fd92-8953-4b39-a9a6-556e320e535c,2019-04-24T21:09:57.9783597Z,IC
93a01b93-0790-49bf-aa88-304b4d7bd8f4,2019-04-24T00:34:02.441Z,IC
93a01b93-0790-49bf-aa88-304b4d7bd8f4,2019-04-24T00:22:22.3215029Z,IC
0394afbe-80f4-4fa0-978b-bcbdcdc4db12,2019-04-24T23:45:16.8460246Z,IC
577aaf55-1638-4a97-b5aa-08dc14baf32d,2019-04-24T22:48:57.355Z,IC
0439bf85-3a77-4fde-9723-e2a351977b03,2019-04-24T18:04:51.882Z,IC
8f119ce1-18d0-44d8-8d03-04241643caf0,2019-04-25T17:47:51.4600976Z,IC
9415fced-d7a6-445a-96f0-46dc0aeb7d9e,2019-04-25T17:23:36.1628605Z,0
2836940e-1f85-4a92-8e04-9ef298f938cb,2019-04-25T08:58:27.349Z,IC
1fdad638-9815-4c07-9f08-50682de7b7e2,2019-04-25T18:39:20.2637011Z,IC
1fa8684b-9fa5-4cd8-bb0f-35837885c7bb,2019-04-25T16:49:49.7453667Z,IC
a0ec90b0-44a0-42b5-806e-f7fd4427cfb0,2019-04-25T22:56:47.626Z,IC
cf5e7d69-a48b-4633-b684-1781aac29ee1,2019-04-25T00:36:52.863Z,IC
333b752c-7f1d-40bd-814c-2055961cb872,2019-04-25T20:01:59.2151125Z,IC
becb2367-08d8-4dd1-bcf0-b9d6d32100d8,2019-04-25T00:55:49.205Z,IC
becb2367-08d8-4dd1-bcf0-b9d6d32100d8,2019-04-25T00:31:58.0301415Z,IC
8ed3e9cd-e320-48ae-b2e8-17ced48a6a32,2019-04-25T21:38:25.5913476Z,IC
58b64228-d99f-4d12-ac6b-08f2cf01416b,2019-04-25T20:36:27.788Z,IC
a092ac45-7700-4e9f-b95f-4bff1f941ceb,2019-04-25T01:20:00.1773596Z,IC
2330bc68-810f-453c-9408-d2bd2afa3e7c,2019-04-25T00:17:04.8129988Z,IC
f89aa789-978e-470a-8bb7-e9c44c450847,2019-04-26T23:41:27.4999669Z,IC
410bb8d7-de0c-41aa-961d-2484308e6ed3,2019-04-26T19:08:42.702Z,0
9ff4d3b3-cf7b-4099-86c1-a5759ad9eb36,2019-04-26T19:54:56.9990351Z,IC
65ea9702-8d5a-4b61-9ac6-a2f863ea4284,2019-04-26T21:45:54.6158064Z,IC
eef00ef4-075e-48b7-a4c3-7d17f45384e0,2019-04-26T17:26:35.998Z,IC
3bdead1c-fb46-4d2d-a7f3-0286587f07c5,2019-04-26T00:01:32.3084443Z,LEAD
66c069d3-779f-4c3b-936d-710cca7d6a76,2019-04-26T18:34:45.6480132Z,IC
e90fc56d-1950-4fec-b253-fc923b04a04b,2019-04-26T05:29:14.861Z,IC
a1fd74bf-ae69-4c9a-a75c-14a25430368c,2019-04-26T05:42:36.37Z,IC
b424fe21-3d9c-40d8-abdf-6b4011484103,2019-04-26T14:44:11.6790392Z,IC
3a7c3f08-adaf-4a0e-8c56-0050cd0808fc,2019-04-26T01:25:12.549Z,0
44ab3841-edf6-4456-945b-3bd1a3b04fff,2019-04-26T21:35:45.718Z,IC
f9398f47-482e-462f-b27a-8ab6839a56bc,2019-04-26T23:35:52.171Z,IC
f03502ff-2da7-4fa9-99a8-4c6abaacd8fc,2019-04-26T13:29:54.93Z,0
830af5ed-6fb5-4d0b-8645-b5219d6a7080,2019-04-26T23:31:42.1409234Z,IC
e1f71294-9b1a-48dd-b820-9d754ca4e357,2019-04-26T18:23:27.921Z,IC
c5e1ea00-202d-4e13-a047-8db9de544ed0,2019-04-26T18:31:22.289Z,0
0c10706c-696f-41c3-88cd-9773c759b27c,2019-04-27T01:03:06.0528607Z,IC
0e506453-a040-46da-98ba-00eb466794a0,2019-04-27T16:52:49.998526Z,IC
410bb8d7-de0c-41aa-961d-2484308e6ed3,2019-04-29T23:48:57.449Z,0
629fea7b-b9c4-4877-a5a4-7a0dc9e88edd,2019-04-29T22:35:43.462Z,IC
629fea7b-b9c4-4877-a5a4-7a0dc9e88edd,2019-04-29T19:36:16.205Z,IC
85a47579-e497-4e8f-a674-0c23f70d06dc,2019-04-29T17:49:22.004Z,IC
d91ab98d-c54e-4913-a5c2-c23ace1bd925,2019-04-29T21:02:47.683Z,LEAD
cc2488b1-3e04-4f0e-bae7-417d5a551b5d,2019-04-29T10:53:53.0718078Z,IC
7046f89d-213b-40ce-8f55-be285d6794a9,2019-04-29T21:14:53.0754371Z,IC
205ffd79-adea-416d-8457-e772c9b6ed18,2019-04-29T14:51:14.1916458Z,IC
b9dba523-13e6-4707-b88b-773d41aa891f,2019-04-29T21:13:03.59Z,IC
28308d61-0e10-4015-a2c1-ec740cfe65fe,2019-04-30T00:45:19.159Z,IC
72162d00-07c5-4fd8-84d3-b2e189ad35ad,2019-04-30T19:09:45.3802515Z,IC
a57aeec6-a0b8-420f-bcc0-10947ecc9763,2019-04-30T21:03:31.4986584Z,IC
077d38b0-7558-4664-a98d-9f769cfeed4c,2019-04-30T22:51:59.6405379Z,IC
399bcd24-f24f-40e1-abc9-283d3e67d684,2019-04-30T20:32:26.552Z,IC
6407b86d-9946-444b-bede-27682eb50e4c,2019-04-30T23:21:57.3723716Z,0
b7c10a8d-daf4-4d9a-8261-c79b6409d507,2019-04-30T22:51:26.033Z,IC
d5fb15ff-6a65-43a5-b965-26f874b8bdda,2019-04-30T23:34:02.56Z,0
21880dc4-5bde-4186-b0ac-a3edee5f597a,2019-05-01T20:01:36.3873775Z,IC
800f9f79-a510-4c31-a335-df6d0cebb896,2019-05-01T17:14:04.261Z,MGR
d7025bb0-c1b2-4e64-a930-8fd93199be1f,2019-05-01T15:41:31.7703951Z,IC
a18f9195-7d61-4a6b-b073-c8777279f311,2019-05-01T23:00:10.1144488Z,IC
e6f6a609-6108-4a28-b8d3-94ea6e5b62fd,2019-05-01T21:05:43.3090601Z,IC
4bd71f42-dc27-4f45-a1b5-bd3520b7ecc6,2019-05-01T17:23:28.016Z,IC
2146ba28-1822-4f31-80a7-298cc9465b70,2019-05-01T00:34:58.753Z,0
a30481c8-a669-46c1-b571-277a00d595e4,2019-05-01T22:43:53.831Z,IC
e020af12-b1fa-4ea5-a927-63e5d2c9dc10,2019-05-01T20:49:27.414Z,IC
f16902e1-c6d0-4b8b-b394-17cfa837a42f,2019-05-02T01:00:29.6146706Z,IC
e736880b-328d-41d3-9d15-2842031adb02,2019-05-02T20:19:15.918Z,IC
cf80f4fe-4cd4-4c87-98ac-4ad5297ae13a,2019-05-02T20:40:14.7461946Z,IC
1a42d2e2-41cb-4aae-8f7f-0374f4b6e9a9,2019-05-02T17:51:15.612Z,IC
a5d5311e-31e2-4d19-bcf8-04ace0118afc,2019-05-02T20:22:49.618Z,IC
18e468d0-4cce-49c5-a4ac-7f8adcd2fe50,2019-05-02T23:06:27.5565029Z,IC
0919ed83-3caa-46d3-a547-6aece331624a,2019-05-02T16:37:49.535Z,IC
08be74b6-ecc4-47c4-8aeb-9d7993d5112b,2019-05-02T00:03:32.341Z,IC
0b52d0f5-9155-4c6a-82b4-457045fb7a9f,2019-05-02T23:59:33.989Z,IC
47436a95-b9e1-4b9f-83e1-035b639ec964,2019-05-02T23:24:06.334Z,IC
a2b5534e-6e48-4da0-a81d-604b54549d34,2019-05-02T20:01:19.027Z,IC
371d3640-97d9-4994-8811-10f083aba61d,2019-05-02T23:43:50.48Z,IC
7839a0b1-8909-4c81-a08b-4246f9ebb00b,2019-05-02T16:40:59.893Z,IC
58b64228-d99f-4d12-ac6b-08f2cf01416b,2019-05-02T14:14:10.9017872Z,IC
23e5bd26-6592-401e-8d60-c285bc6fae01,2019-05-02T19:38:04.35Z,IC
766c2086-2351-47fc-8310-0c50084c6aab,2019-05-02T01:25:02.4311189Z,IC
f16902e1-c6d0-4b8b-b394-17cfa837a42f,2019-05-03T00:15:03.27Z,IC
ecacb771-8a03-4fe4-b6cb-8ce9155ca193,2019-05-03T16:04:31.068Z,IC
3ec8a539-2af3-4011-b25e-5fb9a9d2dc19,2019-05-03T00:26:55.883Z,IC
12c2b106-2500-41a2-abf6-fc9b9a827dbc,2019-05-03T02:06:30.015Z,0
617f14fe-a360-4903-bd44-719b6317b96c,2019-05-03T01:20:55.822Z,IC
85a47579-e497-4e8f-a674-0c23f70d06dc,2019-05-03T17:46:39.0964399Z,IC
ecee7aee-545b-48d8-b94b-b63af1f3c227,2019-05-03T19:53:07.905Z,IC
e7df7a8d-43db-463e-be54-d853f69ec1a3,2019-05-03T20:32:27.499Z,LEAD
1e6deb01-8e22-4260-9e7f-1158b0fbf390,2019-05-03T16:41:55.171Z,IC
2492fe15-afe0-4651-8fdf-51243f831351,2019-05-03T16:15:02.354Z,0
9f869dc4-4c1b-4f2f-b24b-47bd621a569b,2019-05-03T20:29:10.329Z,IC
9f9c3783-1c98-41f0-bc08-f868be25eaf5,2019-05-03T06:00:50.309Z,IC
f88f5d76-a5d5-4fdc-b782-f6b119abc869,2019-05-03T23:57:21.546363Z,IC
e9f3b071-30a6-4113-a581-dc4934dbc336,2019-05-03T18:55:29.086Z,IC
0fb096e2-a532-4465-83d5-2eea9738cfbc,2019-05-03T23:27:58.3606592Z,IC
7212abb2-9634-4a8b-985e-2c8f2b728b3e,2019-05-03T22:35:48.5227069Z,IC
16d4617f-edde-4c46-81f1-6ada96ed8f9a,2019-05-03T21:34:34.6201978Z,0
1f57e3be-72c5-4144-8f14-4d534a9ddc91,2019-05-03T16:27:20.9985504Z,IC
855bd6f8-be0f-4c2c-84e3-7b9bf08cb5d9,2019-05-03T18:37:25.088Z,IC
a53d89fe-185d-4891-8f99-3a77c667b8ba,2019-05-03T19:37:52.209Z,IC
d60e8b4e-9f4c-4409-9322-d9810573b14b,2019-05-04T21:29:12.622Z,0
e0da2804-e5a5-4e35-af3f-1b958cee9400,2019-05-04T20:30:55.914Z,IC
e12f6d7d-6696-4bcf-af62-8bae60fdf89e,2019-05-04T00:49:58.5Z,0
85f0a8f9-98fa-4a37-b742-8af608520635,2019-05-05T15:05:54.392Z,IC
66ebc0a4-408f-4f3a-9b69-a237865fbb57,2019-05-06T23:26:21.721Z,IC
676912f8-2d60-4b12-96a8-abb16f10773a,2019-05-06T14:05:17.443Z,0
bc40af8d-44fa-42ca-b4f0-e2c56127a0d4,2019-05-06T19:02:13.549Z,IC
a18f9195-7d61-4a6b-b073-c8777279f311,2019-05-06T19:50:24.409Z,IC
0deed8c5-9445-4bb3-b587-63da94f0d95f,2019-05-06T18:24:23.799Z,IC
2bf813b4-0537-44f6-937b-f7e87dd3c0d7,2019-05-06T18:54:00.996Z,IC
9d0cb48f-bcb5-459a-8fca-3a29524c9f7f,2019-05-06T03:59:25.025Z,IC
7845fe0e-5409-4c76-af9f-2da508501c17,2019-05-06T19:43:11.9091943Z,LEAD
d8330cc2-22ca-46e2-80a0-f43d1a3c0b76,2019-05-06T22:46:14.571Z,IC
d111ad89-774b-4971-9d79-b5e7d2188b28,2019-05-06T17:56:25.566Z,IC
2aa27635-a215-4ca6-95dd-20553c546a4b,2019-05-07T17:15:00.7140955Z,IC
e99cdc30-a700-476e-bc39-7a74f65d0a32,2019-05-07T16:45:37.6382563Z,IC
0c9ef856-c84f-44fe-b1cb-595f39faf1a5,2019-05-07T17:05:55.327Z,IC
b503364d-d8c7-46dd-adc3-14d4b917abd8,2019-05-07T17:54:26.4916096Z,IC
576c3ff4-58b5-4758-ac24-c8b78c1c0cdd,2019-05-07T18:38:19.235Z,0
8d7ed767-7424-4a44-be02-f25614d57653,2019-05-07T16:03:38.33Z,IC
a10cec64-80a4-4929-8bb5-6f3496fce135,2019-05-07T05:28:33.391Z,IC
501d9709-f24a-4540-8f68-37383597d364,2019-05-07T21:50:01.217Z,IC
c1d487ff-0b76-4eaa-96c0-0b39489c0173,2019-05-07T15:48:44.993Z,IC
d353d5a3-b5c7-4dcd-9984-adba8c5a4e55,2019-05-07T18:37:30.978Z,IC
e01809f1-d022-427e-bdd7-4abd4ac0ba63,2019-05-07T22:38:13.533Z,0
766c2086-2351-47fc-8310-0c50084c6aab,2019-05-07T21:49:05.885Z,IC
f19c0f1b-0235-4188-9e94-3871dbbf67a8,2019-05-07T19:39:16.858Z,IC
4820453e-4d5e-47b3-9c2b-8adb1b23b076,2019-05-07T07:14:41.351Z,LEAD
1d55bd0b-5ed2-4280-ade7-f5d20ae19c6b,2019-05-08T19:18:52.134Z,IC
17b7f071-d3ae-420f-8c33-7f7eda2a149b,2019-05-08T14:06:15.8870629Z,IC
8d238139-8a44-4890-868c-241a15035118,2019-05-08T10:07:16.435Z,0
fc821283-28ec-4b40-8b66-0e33d0ec3412,2019-05-08T23:02:07.958Z,IC
410bb8d7-de0c-41aa-961d-2484308e6ed3,2019-05-08T22:07:29.919Z,0
d53791e9-7284-4646-bba2-86ae024b845e,2019-05-08T01:54:14.6459519Z,IC
144f4f5a-1eae-42dd-b555-98da5122f5ab,2019-05-08T23:41:28.934Z,IC
2bf813b4-0537-44f6-937b-f7e87dd3c0d7,2019-05-08T22:29:06.67Z,IC
08be74b6-ecc4-47c4-8aeb-9d7993d5112b,2019-05-08T19:12:47.866Z,IC
deb00d63-920f-48b1-815d-d6a36fb8869b,2019-05-08T21:51:54.6767725Z,IC
d459411e-cd97-4f1b-8c34-213f92939192,2019-05-08T20:10:32.58Z,IC
073ac4c3-c655-4af9-ac7a-82693c78984e,2019-05-08T20:10:24.68Z,IC
c18ec45a-5929-4892-81a7-e18507c6be8e,2019-05-08T21:17:23.054Z,IC
5bf0e150-eaf0-4dd3-9384-98b2f413b07f,2019-05-08T19:37:17.035Z,LEAD
a3046248-fa28-4470-9cee-a4182c0aee84,2019-05-08T19:18:56.284Z,IC
3e95eab4-4706-455f-b4ec-e1c3d39f91c3,2019-05-08T23:35:52.9610218Z,LEAD
d4db606f-459c-4c12-a167-f99ac3b2d23c,2019-05-08T10:00:47.295Z,IC
d374f6b5-f530-4035-bf6f-fc4d289f7bb0,2019-05-08T15:24:51.965Z,IC
af7726d2-b1ef-4b19-9600-65e8b9d44583,2019-05-08T22:05:01.472Z,0
18bddce7-d37c-418c-b022-3beb3579661f,2019-05-08T21:47:42.6589074Z,IC
9d4a6cba-3a06-45f0-83ce-0333069ab92d,2019-05-08T18:46:40.053Z,0
eb7eb44b-8f8d-4816-9c7d-573c5964423b,2019-05-08T14:49:59.449Z,IC
aab1bcad-69a7-42f9-8e18-846d62101390,2019-05-09T02:40:11.7329508Z,IC
3be88de6-5220-4229-835d-b4b10e62a00f,2019-05-09T18:46:55.7669587Z,IC
6c8f55ce-db6a-41a9-94f7-64e0d4830f7e,2019-05-09T21:29:30.3054461Z,0
62730dc4-b0fb-431c-b4a4-da593fea495e,2019-05-09T09:52:27.324Z,IC
5b23b496-c0db-4a18-956a-b9487df1c6c4,2019-05-09T19:53:46.0764716Z,IC
fe51a8ff-2fbc-4826-aafd-44460cb29697,2019-05-09T21:36:05.506Z,IC
53d4c2a0-1319-40c4-9124-f2f49bf89978,2019-05-09T18:49:28.97Z,IC
deb00d63-920f-48b1-815d-d6a36fb8869b,2019-05-09T18:10:41.76Z,IC
e6361b08-7b31-4f51-aa5e-52aefdc8b14f,2019-05-09T07:15:21.6339408Z,IC
da345d31-6ac9-4bd9-867c-51409b40697f,2019-05-09T20:30:21.7299291Z,IC
e2ab2522-15bb-42e2-ab9c-a2607e67791f,2019-05-09T00:35:51.877Z,IC
940b4b0f-994d-47a1-9e82-60ef4e6ebd69,2019-05-09T14:59:18.695Z,0
a3046248-fa28-4470-9cee-a4182c0aee84,2019-05-09T20:21:22.829Z,IC
94f73fbe-9df6-437e-afdf-8ddd0d0a6b19,2019-05-09T00:09:37.52Z,0
da1b7d66-6e20-494d-a1b7-b3298daad065,2019-05-09T20:52:50.799Z,IC
1cc4b9d1-8634-4721-821d-cfe05445c093,2019-05-09T04:26:24.352Z,IC
0cc3d652-2b46-4bb0-95cc-88e50c893045,2019-05-09T21:03:16.281Z,IC
b8504399-0834-4e6d-9fb5-7b81c861522c,2019-05-10T00:22:29.156247Z,IC
5bef86dc-9466-492e-99c2-4418c70d1dd5,2019-05-10T06:46:12.9823857Z,IC
61f29630-0201-4ca5-b210-0e87a337674c,2019-05-10T04:38:06.9669405Z,IC
55618151-3d6d-4ada-8765-13f94b1a5c8c,2019-05-10T05:23:38.047Z,0
